GeographyID,ParentGeographyID,GeographyType,GeographyName,StateCode,CountyFIPS,ZCTA,CountryCode
1,,Nation,United States,,,,US
100,1,State,Alabama,AL,,,US
101,1,State,Alaska,AK,,,US
102,1,State,Arizona,AZ,,,US
103,1,State,Arkansas,AR,,,US
104,1,State,California,CA,,,US
105,1,State,Colorado,CO,,,US
106,1,State,Connecticut,CT,,,US
107,1,State,Delaware,DE,,,US
108,1,State,District of Columbia,DC,,,US
109,1,State,Florida,FL,,,US
110,1,State,Georgia,GA,,,US
111,1,State,Hawaii,HI,,,US
112,1,State,Idaho,ID,,,US
113,1,State,Illinois,IL,,,US
114,1,State,Indiana,IN,,,US
115,1,State,Iowa,IA,,,US
116,1,State,Kansas,KS,,,US
117,1,State,Kentucky,KY,,,US
118,1,State,Louisiana,LA,,,US
119,1,State,Maine,ME,,,US
120,1,State,Maryland,MD,,,US
121,1,State,Massachusetts,MA,,,US
122,1,State,Michigan,MI,,,US
123,1,State,Minnesota,MN,,,US
124,1,State,Mississippi,MS,,,US
125,1,State,Missouri,MO,,,US
126,1,State,Montana,MT,,,US
127,1,State,Nebraska,NE,,,US
128,1,State,Nevada,NV,,,US
129,1,State,New Hampshire,NH,,,US
130,1,State,New Jersey,NJ,,,US
131,1,State,New Mexico,NM,,,US
132,1,State,New York,NY,,,US
133,1,State,North Carolina,NC,,,US
134,1,State,North Dakota,ND,,,US
135,1,State,Ohio,OH,,,US
136,1,State,Oklahoma,OK,,,US
137,1,State,Oregon,OR,,,US
138,1,State,Pennsylvania,PA,,,US
139,1,State,Rhode Island,RI,,,US
140,1,State,South Carolina,SC,,,US
141,1,State,South Dakota,SD,,,US
142,1,State,Tennessee,TN,,,US
143,1,State,Texas,TX,,,US
144,1,State,Utah,UT,,,US
145,1,State,Vermont,VT,,,US
146,1,State,Virginia,VA,,,US
147,1,State,Washington,WA,,,US
148,1,State,West Virginia,WV,,,US
149,1,State,Wisconsin,WI,,,US
150,1,State,Wyoming,WY,,,US
1000,100,County,Autauga,AL,01001,,US
1001,100,County,Baldwin,AL,01003,,US
1002,100,County,Barbour,AL,01005,,US
1003,100,County,Bibb,AL,01007,,US
1004,100,County,Blount,AL,01009,,US
1005,100,County,Bullock,AL,01011,,US
1006,100,County,Butler,AL,01013,,US
1007,100,County,Calhoun,AL,01015,,US
1008,100,County,Chambers,AL,01017,,US
1009,100,County,Cherokee,AL,01019,,US
1010,100,County,Chilton,AL,01021,,US
1011,100,County,Choctaw,AL,01023,,US
1012,100,County,Clarke,AL,01025,,US
1013,100,County,Clay,AL,01027,,US
1014,100,County,Cleburne,AL,01029,,US
1015,100,County,Coffee,AL,01031,,US
1016,100,County,Colbert,AL,01033,,US
1017,100,County,Conecuh,AL,01035,,US
1018,100,County,Coosa,AL,01037,,US
1019,100,County,Covington,AL,01039,,US
1020,100,County,Crenshaw,AL,01041,,US
1021,100,County,Cullman,AL,01043,,US
1022,100,County,Dale,AL,01045,,US
1023,100,County,Dallas,AL,01047,,US
1024,100,County,DeKalb,AL,01049,,US
1025,100,County,Elmore,AL,01051,,US
1026,100,County,Escambia,AL,01053,,US
1027,100,County,Etowah,AL,01055,,US
1028,100,County,Fayette,AL,01057,,US
1029,100,County,Franklin,AL,01059,,US
1030,100,County,Geneva,AL,01061,,US
1031,100,County,Greene,AL,01063,,US
1032,100,County,Hale,AL,01065,,US
1033,100,County,Henry,AL,01067,,US
1034,100,County,Houston,AL,01069,,US
1035,100,County,Jackson,AL,01071,,US
1036,100,County,Jefferson,AL,01073,,US
1037,100,County,Lamar,AL,01075,,US
1038,100,County,Lauderdale,AL,01077,,US
1039,100,County,Lawrence,AL,01079,,US
1040,100,County,Lee,AL,01081,,US
1041,100,County,Limestone,AL,01083,,US
1042,100,County,Lowndes,AL,01085,,US
1043,100,County,Macon,AL,01087,,US
1044,100,County,Madison,AL,01089,,US
1045,100,County,Marengo,AL,01091,,US
1046,100,County,Marion,AL,01093,,US
1047,100,County,Marshall,AL,01095,,US
1048,100,County,Mobile,AL,01097,,US
1049,100,County,Monroe,AL,01099,,US
1050,100,County,Montgomery,AL,01101,,US
1051,100,County,Morgan,AL,01103,,US
1052,100,County,Perry,AL,01105,,US
1053,100,County,Pickens,AL,01107,,US
1054,100,County,Pike,AL,01109,,US
1055,100,County,Randolph,AL,01111,,US
1056,100,County,Russell,AL,01113,,US
1057,100,County,St. Clair,AL,01115,,US
1058,100,County,Shelby,AL,01117,,US
1059,100,County,Sumter,AL,01119,,US
1060,100,County,Talladega,AL,01121,,US
1061,100,County,Tallapoosa,AL,01123,,US
1062,100,County,Tuscaloosa,AL,01125,,US
1063,100,County,Walker,AL,01127,,US
1064,100,County,Washington,AL,01129,,US
1065,100,County,Wilcox,AL,01131,,US
1066,100,County,Winston,AL,01133,,US
1067,101,County,Aleutians East,AK,02013,,US
1068,101,County,Aleutians West,AK,02016,,US
1069,101,County,Anchorage,AK,02020,,US
1070,101,County,Bethel,AK,02050,,US
1071,101,County,Bristol Bay,AK,02060,,US
1072,101,County,Chugach,AK,02063,,US
1073,101,County,Copper River,AK,02066,,US
1074,101,County,Denali,AK,02068,,US
1075,101,County,Dillingham,AK,02070,,US
1076,101,County,Fairbanks North Star,AK,02090,,US
1077,101,County,Haines,AK,02100,,US
1078,101,County,Hoonah-Angoon,AK,02105,,US
1079,101,County,Juneau,AK,02110,,US
1080,101,County,Kenai Peninsula,AK,02122,,US
1081,101,County,Ketchikan Gateway,AK,02130,,US
1082,101,County,Kodiak Island,AK,02150,,US
1083,101,County,Kusilvak,AK,02158,,US
1084,101,County,Lake and Peninsula,AK,02164,,US
1085,101,County,Matanuska-Susitna,AK,02170,,US
1086,101,County,Nome,AK,02180,,US
1087,101,County,North Slope,AK,02185,,US
1088,101,County,Northwest Arctic,AK,02188,,US
1089,101,County,Petersburg,AK,02195,,US
1090,101,County,Prince of Wales-Hyder,AK,02198,,US
1091,101,County,Sitka,AK,02220,,US
1092,101,County,Skagway,AK,02230,,US
1093,101,County,Southeast Fairbanks,AK,02240,,US
1094,101,County,Wrangell,AK,02275,,US
1095,101,County,Yakutat,AK,02282,,US
1096,101,County,Yukon-Koyukuk,AK,02290,,US
1097,102,County,Apache,AZ,04001,,US
1098,102,County,Cochise,AZ,04003,,US
1099,102,County,Coconino,AZ,04005,,US
1100,102,County,Gila,AZ,04007,,US
1101,102,County,Graham,AZ,04009,,US
1102,102,County,Greenlee,AZ,04011,,US
1103,102,County,La Paz,AZ,04012,,US
1104,102,County,Maricopa,AZ,04013,,US
1105,102,County,Mohave,AZ,04015,,US
1106,102,County,Navajo,AZ,04017,,US
1107,102,County,Pima,AZ,04019,,US
1108,102,County,Pinal,AZ,04021,,US
1109,102,County,Santa Cruz,AZ,04023,,US
1110,102,County,Yavapai,AZ,04025,,US
1111,102,County,Yuma,AZ,04027,,US
1112,103,County,Arkansas,AR,05001,,US
1113,103,County,Ashley,AR,05003,,US
1114,103,County,Baxter,AR,05005,,US
1115,103,County,Benton,AR,05007,,US
1116,103,County,Boone,AR,05009,,US
1117,103,County,Bradley,AR,05011,,US
1118,103,County,Calhoun,AR,05013,,US
1119,103,County,Carroll,AR,05015,,US
1120,103,County,Chicot,AR,05017,,US
1121,103,County,Clark,AR,05019,,US
1122,103,County,Clay,AR,05021,,US
1123,103,County,Cleburne,AR,05023,,US
1124,103,County,Cleveland,AR,05025,,US
1125,103,County,Columbia,AR,05027,,US
1126,103,County,Conway,AR,05029,,US
1127,103,County,Craighead,AR,05031,,US
1128,103,County,Crawford,AR,05033,,US
1129,103,County,Crittenden,AR,05035,,US
1130,103,County,Cross,AR,05037,,US
1131,103,County,Dallas,AR,05039,,US
1132,103,County,Desha,AR,05041,,US
1133,103,County,Drew,AR,05043,,US
1134,103,County,Faulkner,AR,05045,,US
1135,103,County,Franklin,AR,05047,,US
1136,103,County,Fulton,AR,05049,,US
1137,103,County,Garland,AR,05051,,US
1138,103,County,Grant,AR,05053,,US
1139,103,County,Greene,AR,05055,,US
1140,103,County,Hempstead,AR,05057,,US
1141,103,County,Hot Spring,AR,05059,,US
1142,103,County,Howard,AR,05061,,US
1143,103,County,Independence,AR,05063,,US
1144,103,County,Izard,AR,05065,,US
1145,103,County,Jackson,AR,05067,,US
1146,103,County,Jefferson,AR,05069,,US
1147,103,County,Johnson,AR,05071,,US
1148,103,County,Lafayette,AR,05073,,US
1149,103,County,Lawrence,AR,05075,,US
1150,103,County,Lee,AR,05077,,US
1151,103,County,Lincoln,AR,05079,,US
1152,103,County,Little River,AR,05081,,US
1153,103,County,Logan,AR,05083,,US
1154,103,County,Lonoke,AR,05085,,US
1155,103,County,Madison,AR,05087,,US
1156,103,County,Marion,AR,05089,,US
1157,103,County,Miller,AR,05091,,US
1158,103,County,Mississippi,AR,05093,,US
1159,103,County,Monroe,AR,05095,,US
1160,103,County,Montgomery,AR,05097,,US
1161,103,County,Nevada,AR,05099,,US
1162,103,County,Newton,AR,05101,,US
1163,103,County,Ouachita,AR,05103,,US
1164,103,County,Perry,AR,05105,,US
1165,103,County,Phillips,AR,05107,,US
1166,103,County,Pike,AR,05109,,US
1167,103,County,Poinsett,AR,05111,,US
1168,103,County,Polk,AR,05113,,US
1169,103,County,Pope,AR,05115,,US
1170,103,County,Prairie,AR,05117,,US
1171,103,County,Pulaski,AR,05119,,US
1172,103,County,Randolph,AR,05121,,US
1173,103,County,St. Francis,AR,05123,,US
1174,103,County,Saline,AR,05125,,US
1175,103,County,Scott,AR,05127,,US
1176,103,County,Searcy,AR,05129,,US
1177,103,County,Sebastian,AR,05131,,US
1178,103,County,Sevier,AR,05133,,US
1179,103,County,Sharp,AR,05135,,US
1180,103,County,Stone,AR,05137,,US
1181,103,County,Union,AR,05139,,US
1182,103,County,Van Buren,AR,05141,,US
1183,103,County,Washington,AR,05143,,US
1184,103,County,White,AR,05145,,US
1185,103,County,Woodruff,AR,05147,,US
1186,103,County,Yell,AR,05149,,US
1187,104,County,Alameda,CA,06001,,US
1188,104,County,Alpine,CA,06003,,US
1189,104,County,Amador,CA,06005,,US
1190,104,County,Butte,CA,06007,,US
1191,104,County,Calaveras,CA,06009,,US
1192,104,County,Colusa,CA,06011,,US
1193,104,County,Contra Costa,CA,06013,,US
1194,104,County,Del Norte,CA,06015,,US
1195,104,County,El Dorado,CA,06017,,US
1196,104,County,Fresno,CA,06019,,US
1197,104,County,Glenn,CA,06021,,US
1198,104,County,Humboldt,CA,06023,,US
1199,104,County,Imperial,CA,06025,,US
1200,104,County,Inyo,CA,06027,,US
1201,104,County,Kern,CA,06029,,US
1202,104,County,Kings,CA,06031,,US
1203,104,County,Lake,CA,06033,,US
1204,104,County,Lassen,CA,06035,,US
1205,104,County,Los Angeles,CA,06037,,US
1206,104,County,Madera,CA,06039,,US
1207,104,County,Marin,CA,06041,,US
1208,104,County,Mariposa,CA,06043,,US
1209,104,County,Mendocino,CA,06045,,US
1210,104,County,Merced,CA,06047,,US
1211,104,County,Modoc,CA,06049,,US
1212,104,County,Mono,CA,06051,,US
1213,104,County,Monterey,CA,06053,,US
1214,104,County,Napa,CA,06055,,US
1215,104,County,Nevada,CA,06057,,US
1216,104,County,Orange,CA,06059,,US
1217,104,County,Placer,CA,06061,,US
1218,104,County,Plumas,CA,06063,,US
1219,104,County,Riverside,CA,06065,,US
1220,104,County,Sacramento,CA,06067,,US
1221,104,County,San Benito,CA,06069,,US
1222,104,County,San Bernardino,CA,06071,,US
1223,104,County,San Diego,CA,06073,,US
1224,104,County,San Francisco,CA,06075,,US
1225,104,County,San Joaquin,CA,06077,,US
1226,104,County,San Luis Obispo,CA,06079,,US
1227,104,County,San Mateo,CA,06081,,US
1228,104,County,Santa Barbara,CA,06083,,US
1229,104,County,Santa Clara,CA,06085,,US
1230,104,County,Santa Cruz,CA,06087,,US
1231,104,County,Shasta,CA,06089,,US
1232,104,County,Sierra,CA,06091,,US
1233,104,County,Siskiyou,CA,06093,,US
1234,104,County,Solano,CA,06095,,US
1235,104,County,Sonoma,CA,06097,,US
1236,104,County,Stanislaus,CA,06099,,US
1237,104,County,Sutter,CA,06101,,US
1238,104,County,Tehama,CA,06103,,US
1239,104,County,Trinity,CA,06105,,US
1240,104,County,Tulare,CA,06107,,US
1241,104,County,Tuolumne,CA,06109,,US
1242,104,County,Ventura,CA,06111,,US
1243,104,County,Yolo,CA,06113,,US
1244,104,County,Yuba,CA,06115,,US
1245,105,County,Adams,CO,08001,,US
1246,105,County,Alamosa,CO,08003,,US
1247,105,County,Arapahoe,CO,08005,,US
1248,105,County,Archuleta,CO,08007,,US
1249,105,County,Baca,CO,08009,,US
1250,105,County,Bent,CO,08011,,US
1251,105,County,Boulder,CO,08013,,US
1252,105,County,Broomfield,CO,08014,,US
1253,105,County,Chaffee,CO,08015,,US
1254,105,County,Cheyenne,CO,08017,,US
1255,105,County,Clear Creek,CO,08019,,US
1256,105,County,Conejos,CO,08021,,US
1257,105,County,Costilla,CO,08023,,US
1258,105,County,Crowley,CO,08025,,US
1259,105,County,Custer,CO,08027,,US
1260,105,County,Delta,CO,08029,,US
1261,105,County,Denver,CO,08031,,US
1262,105,County,Dolores,CO,08033,,US
1263,105,County,Douglas,CO,08035,,US
1264,105,County,Eagle,CO,08037,,US
1265,105,County,Elbert,CO,08039,,US
1266,105,County,El Paso,CO,08041,,US
1267,105,County,Fremont,CO,08043,,US
1268,105,County,Garfield,CO,08045,,US
1269,105,County,Gilpin,CO,08047,,US
1270,105,County,Grand,CO,08049,,US
1271,105,County,Gunnison,CO,08051,,US
1272,105,County,Hinsdale,CO,08053,,US
1273,105,County,Huerfano,CO,08055,,US
1274,105,County,Jackson,CO,08057,,US
1275,105,County,Jefferson,CO,08059,,US
1276,105,County,Kiowa,CO,08061,,US
1277,105,County,Kit Carson,CO,08063,,US
1278,105,County,Lake,CO,08065,,US
1279,105,County,La Plata,CO,08067,,US
1280,105,County,Larimer,CO,08069,,US
1281,105,County,Las Animas,CO,08071,,US
1282,105,County,Lincoln,CO,08073,,US
1283,105,County,Logan,CO,08075,,US
1284,105,County,Mesa,CO,08077,,US
1285,105,County,Mineral,CO,08079,,US
1286,105,County,Moffat,CO,08081,,US
1287,105,County,Montezuma,CO,08083,,US
1288,105,County,Montrose,CO,08085,,US
1289,105,County,Morgan,CO,08087,,US
1290,105,County,Otero,CO,08089,,US
1291,105,County,Ouray,CO,08091,,US
1292,105,County,Park,CO,08093,,US
1293,105,County,Phillips,CO,08095,,US
1294,105,County,Pitkin,CO,08097,,US
1295,105,County,Prowers,CO,08099,,US
1296,105,County,Pueblo,CO,08101,,US
1297,105,County,Rio Blanco,CO,08103,,US
1298,105,County,Rio Grande,CO,08105,,US
1299,105,County,Routt,CO,08107,,US
1300,105,County,Saguache,CO,08109,,US
1301,105,County,San Juan,CO,08111,,US
1302,105,County,San Miguel,CO,08113,,US
1303,105,County,Sedgwick,CO,08115,,US
1304,105,County,Summit,CO,08117,,US
1305,105,County,Teller,CO,08119,,US
1306,105,County,Washington,CO,08121,,US
1307,105,County,Weld,CO,08123,,US
1308,105,County,Yuma,CO,08125,,US
1309,106,County,Capitol,CT,09110,,US
1310,106,County,Greater Bridgeport,CT,09120,,US
1311,106,County,Lower Connecticut River Valley,CT,09130,,US
1312,106,County,Naugatuck Valley,CT,09140,,US
1313,106,County,Northeastern Connecticut,CT,09150,,US
1314,106,County,Northwest Hills,CT,09160,,US
1315,106,County,South Central Connecticut,CT,09170,,US
1316,106,County,Southeastern Connecticut,CT,09180,,US
1317,106,County,Western Connecticut,CT,09190,,US
1318,107,County,Kent,DE,10001,,US
1319,107,County,New Castle,DE,10003,,US
1320,107,County,Sussex,DE,10005,,US
1321,108,County,District of Columbia,DC,11001,,US
1322,109,County,Alachua,FL,12001,,US
1323,109,County,Baker,FL,12003,,US
1324,109,County,Bay,FL,12005,,US
1325,109,County,Bradford,FL,12007,,US
1326,109,County,Brevard,FL,12009,,US
1327,109,County,Broward,FL,12011,,US
1328,109,County,Calhoun,FL,12013,,US
1329,109,County,Charlotte,FL,12015,,US
1330,109,County,Citrus,FL,12017,,US
1331,109,County,Clay,FL,12019,,US
1332,109,County,Collier,FL,12021,,US
1333,109,County,Columbia,FL,12023,,US
1334,109,County,DeSoto,FL,12027,,US
1335,109,County,Dixie,FL,12029,,US
1336,109,County,Duval,FL,12031,,US
1337,109,County,Escambia,FL,12033,,US
1338,109,County,Flagler,FL,12035,,US
1339,109,County,Franklin,FL,12037,,US
1340,109,County,Gadsden,FL,12039,,US
1341,109,County,Gilchrist,FL,12041,,US
1342,109,County,Glades,FL,12043,,US
1343,109,County,Gulf,FL,12045,,US
1344,109,County,Hamilton,FL,12047,,US
1345,109,County,Hardee,FL,12049,,US
1346,109,County,Hendry,FL,12051,,US
1347,109,County,Hernando,FL,12053,,US
1348,109,County,Highlands,FL,12055,,US
1349,109,County,Hillsborough,FL,12057,,US
1350,109,County,Holmes,FL,12059,,US
1351,109,County,Indian River,FL,12061,,US
1352,109,County,Jackson,FL,12063,,US
1353,109,County,Jefferson,FL,12065,,US
1354,109,County,Lafayette,FL,12067,,US
1355,109,County,Lake,FL,12069,,US
1356,109,County,Lee,FL,12071,,US
1357,109,County,Leon,FL,12073,,US
1358,109,County,Levy,FL,12075,,US
1359,109,County,Liberty,FL,12077,,US
1360,109,County,Madison,FL,12079,,US
1361,109,County,Manatee,FL,12081,,US
1362,109,County,Marion,FL,12083,,US
1363,109,County,Martin,FL,12085,,US
1364,109,County,Miami-Dade,FL,12086,,US
1365,109,County,Monroe,FL,12087,,US
1366,109,County,Nassau,FL,12089,,US
1367,109,County,Okaloosa,FL,12091,,US
1368,109,County,Okeechobee,FL,12093,,US
1369,109,County,Orange,FL,12095,,US
1370,109,County,Osceola,FL,12097,,US
1371,109,County,Palm Beach,FL,12099,,US
1372,109,County,Pasco,FL,12101,,US
1373,109,County,Pinellas,FL,12103,,US
1374,109,County,Polk,FL,12105,,US
1375,109,County,Putnam,FL,12107,,US
1376,109,County,St. Johns,FL,12109,,US
1377,109,County,St. Lucie,FL,12111,,US
1378,109,County,Santa Rosa,FL,12113,,US
1379,109,County,Sarasota,FL,12115,,US
1380,109,County,Seminole,FL,12117,,US
1381,109,County,Sumter,FL,12119,,US
1382,109,County,Suwannee,FL,12121,,US
1383,109,County,Taylor,FL,12123,,US
1384,109,County,Union,FL,12125,,US
1385,109,County,Volusia,FL,12127,,US
1386,109,County,Wakulla,FL,12129,,US
1387,109,County,Walton,FL,12131,,US
1388,109,County,Washington,FL,12133,,US
1389,110,County,Appling,GA,13001,,US
1390,110,County,Atkinson,GA,13003,,US
1391,110,County,Bacon,GA,13005,,US
1392,110,County,Baker,GA,13007,,US
1393,110,County,Baldwin,GA,13009,,US
1394,110,County,Banks,GA,13011,,US
1395,110,County,Barrow,GA,13013,,US
1396,110,County,Bartow,GA,13015,,US
1397,110,County,Ben Hill,GA,13017,,US
1398,110,County,Berrien,GA,13019,,US
1399,110,County,Bibb,GA,13021,,US
1400,110,County,Bleckley,GA,13023,,US
1401,110,County,Brantley,GA,13025,,US
1402,110,County,Brooks,GA,13027,,US
1403,110,County,Bryan,GA,13029,,US
1404,110,County,Bulloch,GA,13031,,US
1405,110,County,Burke,GA,13033,,US
1406,110,County,Butts,GA,13035,,US
1407,110,County,Calhoun,GA,13037,,US
1408,110,County,Camden,GA,13039,,US
1409,110,County,Candler,GA,13043,,US
1410,110,County,Carroll,GA,13045,,US
1411,110,County,Catoosa,GA,13047,,US
1412,110,County,Charlton,GA,13049,,US
1413,110,County,Chatham,GA,13051,,US
1414,110,County,Chattahoochee,GA,13053,,US
1415,110,County,Chattooga,GA,13055,,US
1416,110,County,Cherokee,GA,13057,,US
1417,110,County,Clarke,GA,13059,,US
1418,110,County,Clay,GA,13061,,US
1419,110,County,Clayton,GA,13063,,US
1420,110,County,Clinch,GA,13065,,US
1421,110,County,Cobb,GA,13067,,US
1422,110,County,Coffee,GA,13069,,US
1423,110,County,Colquitt,GA,13071,,US
1424,110,County,Columbia,GA,13073,,US
1425,110,County,Cook,GA,13075,,US
1426,110,County,Coweta,GA,13077,,US
1427,110,County,Crawford,GA,13079,,US
1428,110,County,Crisp,GA,13081,,US
1429,110,County,Dade,GA,13083,,US
1430,110,County,Dawson,GA,13085,,US
1431,110,County,Decatur,GA,13087,,US
1432,110,County,DeKalb,GA,13089,,US
1433,110,County,Dodge,GA,13091,,US
1434,110,County,Dooly,GA,13093,,US
1435,110,County,Dougherty,GA,13095,,US
1436,110,County,Douglas,GA,13097,,US
1437,110,County,Early,GA,13099,,US
1438,110,County,Echols,GA,13101,,US
1439,110,County,Effingham,GA,13103,,US
1440,110,County,Elbert,GA,13105,,US
1441,110,County,Emanuel,GA,13107,,US
1442,110,County,Evans,GA,13109,,US
1443,110,County,Fannin,GA,13111,,US
1444,110,County,Fayette,GA,13113,,US
1445,110,County,Floyd,GA,13115,,US
1446,110,County,Forsyth,GA,13117,,US
1447,110,County,Franklin,GA,13119,,US
1448,110,County,Fulton,GA,13121,,US
1449,110,County,Gilmer,GA,13123,,US
1450,110,County,Glascock,GA,13125,,US
1451,110,County,Glynn,GA,13127,,US
1452,110,County,Gordon,GA,13129,,US
1453,110,County,Grady,GA,13131,,US
1454,110,County,Greene,GA,13133,,US
1455,110,County,Gwinnett,GA,13135,,US
1456,110,County,Habersham,GA,13137,,US
1457,110,County,Hall,GA,13139,,US
1458,110,County,Hancock,GA,13141,,US
1459,110,County,Haralson,GA,13143,,US
1460,110,County,Harris,GA,13145,,US
1461,110,County,Hart,GA,13147,,US
1462,110,County,Heard,GA,13149,,US
1463,110,County,Henry,GA,13151,,US
1464,110,County,Houston,GA,13153,,US
1465,110,County,Irwin,GA,13155,,US
1466,110,County,Jackson,GA,13157,,US
1467,110,County,Jasper,GA,13159,,US
1468,110,County,Jeff Davis,GA,13161,,US
1469,110,County,Jefferson,GA,13163,,US
1470,110,County,Jenkins,GA,13165,,US
1471,110,County,Johnson,GA,13167,,US
1472,110,County,Jones,GA,13169,,US
1473,110,County,Lamar,GA,13171,,US
1474,110,County,Lanier,GA,13173,,US
1475,110,County,Laurens,GA,13175,,US
1476,110,County,Lee,GA,13177,,US
1477,110,County,Liberty,GA,13179,,US
1478,110,County,Lincoln,GA,13181,,US
1479,110,County,Long,GA,13183,,US
1480,110,County,Lowndes,GA,13185,,US
1481,110,County,Lumpkin,GA,13187,,US
1482,110,County,McDuffie,GA,13189,,US
1483,110,County,McIntosh,GA,13191,,US
1484,110,County,Macon,GA,13193,,US
1485,110,County,Madison,GA,13195,,US
1486,110,County,Marion,GA,13197,,US
1487,110,County,Meriwether,GA,13199,,US
1488,110,County,Miller,GA,13201,,US
1489,110,County,Mitchell,GA,13205,,US
1490,110,County,Monroe,GA,13207,,US
1491,110,County,Montgomery,GA,13209,,US
1492,110,County,Morgan,GA,13211,,US
1493,110,County,Murray,GA,13213,,US
1494,110,County,Muscogee,GA,13215,,US
1495,110,County,Newton,GA,13217,,US
1496,110,County,Oconee,GA,13219,,US
1497,110,County,Oglethorpe,GA,13221,,US
1498,110,County,Paulding,GA,13223,,US
1499,110,County,Peach,GA,13225,,US
1500,110,County,Pickens,GA,13227,,US
1501,110,County,Pierce,GA,13229,,US
1502,110,County,Pike,GA,13231,,US
1503,110,County,Polk,GA,13233,,US
1504,110,County,Pulaski,GA,13235,,US
1505,110,County,Putnam,GA,13237,,US
1506,110,County,Quitman,GA,13239,,US
1507,110,County,Rabun,GA,13241,,US
1508,110,County,Randolph,GA,13243,,US
1509,110,County,Richmond,GA,13245,,US
1510,110,County,Rockdale,GA,13247,,US
1511,110,County,Schley,GA,13249,,US
1512,110,County,Screven,GA,13251,,US
1513,110,County,Seminole,GA,13253,,US
1514,110,County,Spalding,GA,13255,,US
1515,110,County,Stephens,GA,13257,,US
1516,110,County,Stewart,GA,13259,,US
1517,110,County,Sumter,GA,13261,,US
1518,110,County,Talbot,GA,13263,,US
1519,110,County,Taliaferro,GA,13265,,US
1520,110,County,Tattnall,GA,13267,,US
1521,110,County,Taylor,GA,13269,,US
1522,110,County,Telfair,GA,13271,,US
1523,110,County,Terrell,GA,13273,,US
1524,110,County,Thomas,GA,13275,,US
1525,110,County,Tift,GA,13277,,US
1526,110,County,Toombs,GA,13279,,US
1527,110,County,Towns,GA,13281,,US
1528,110,County,Treutlen,GA,13283,,US
1529,110,County,Troup,GA,13285,,US
1530,110,County,Turner,GA,13287,,US
1531,110,County,Twiggs,GA,13289,,US
1532,110,County,Union,GA,13291,,US
1533,110,County,Upson,GA,13293,,US
1534,110,County,Walker,GA,13295,,US
1535,110,County,Walton,GA,13297,,US
1536,110,County,Ware,GA,13299,,US
1537,110,County,Warren,GA,13301,,US
1538,110,County,Washington,GA,13303,,US
1539,110,County,Wayne,GA,13305,,US
1540,110,County,Webster,GA,13307,,US
1541,110,County,Wheeler,GA,13309,,US
1542,110,County,White,GA,13311,,US
1543,110,County,Whitfield,GA,13313,,US
1544,110,County,Wilcox,GA,13315,,US
1545,110,County,Wilkes,GA,13317,,US
1546,110,County,Wilkinson,GA,13319,,US
1547,110,County,Worth,GA,13321,,US
1548,111,County,Hawaii,HI,15001,,US
1549,111,County,Honolulu,HI,15003,,US
1550,111,County,Kalawao,HI,15005,,US
1551,111,County,Kauai,HI,15007,,US
1552,111,County,Maui,HI,15009,,US
1553,112,County,Ada,ID,16001,,US
1554,112,County,Adams,ID,16003,,US
1555,112,County,Bannock,ID,16005,,US
1556,112,County,Bear Lake,ID,16007,,US
1557,112,County,Benewah,ID,16009,,US
1558,112,County,Bingham,ID,16011,,US
1559,112,County,Blaine,ID,16013,,US
1560,112,County,Boise,ID,16015,,US
1561,112,County,Bonner,ID,16017,,US
1562,112,County,Bonneville,ID,16019,,US
1563,112,County,Boundary,ID,16021,,US
1564,112,County,Butte,ID,16023,,US
1565,112,County,Camas,ID,16025,,US
1566,112,County,Canyon,ID,16027,,US
1567,112,County,Caribou,ID,16029,,US
1568,112,County,Cassia,ID,16031,,US
1569,112,County,Clark,ID,16033,,US
1570,112,County,Clearwater,ID,16035,,US
1571,112,County,Custer,ID,16037,,US
1572,112,County,Elmore,ID,16039,,US
1573,112,County,Franklin,ID,16041,,US
1574,112,County,Fremont,ID,16043,,US
1575,112,County,Gem,ID,16045,,US
1576,112,County,Gooding,ID,16047,,US
1577,112,County,Idaho,ID,16049,,US
1578,112,County,Jefferson,ID,16051,,US
1579,112,County,Jerome,ID,16053,,US
1580,112,County,Kootenai,ID,16055,,US
1581,112,County,Latah,ID,16057,,US
1582,112,County,Lemhi,ID,16059,,US
1583,112,County,Lewis,ID,16061,,US
1584,112,County,Lincoln,ID,16063,,US
1585,112,County,Madison,ID,16065,,US
1586,112,County,Minidoka,ID,16067,,US
1587,112,County,Nez Perce,ID,16069,,US
1588,112,County,Oneida,ID,16071,,US
1589,112,County,Owyhee,ID,16073,,US
1590,112,County,Payette,ID,16075,,US
1591,112,County,Power,ID,16077,,US
1592,112,County,Shoshone,ID,16079,,US
1593,112,County,Teton,ID,16081,,US
1594,112,County,Twin Falls,ID,16083,,US
1595,112,County,Valley,ID,16085,,US
1596,112,County,Washington,ID,16087,,US
1597,113,County,Adams,IL,17001,,US
1598,113,County,Alexander,IL,17003,,US
1599,113,County,Bond,IL,17005,,US
1600,113,County,Boone,IL,17007,,US
1601,113,County,Brown,IL,17009,,US
1602,113,County,Bureau,IL,17011,,US
1603,113,County,Calhoun,IL,17013,,US
1604,113,County,Carroll,IL,17015,,US
1605,113,County,Cass,IL,17017,,US
1606,113,County,Champaign,IL,17019,,US
1607,113,County,Christian,IL,17021,,US
1608,113,County,Clark,IL,17023,,US
1609,113,County,Clay,IL,17025,,US
1610,113,County,Clinton,IL,17027,,US
1611,113,County,Coles,IL,17029,,US
1612,113,County,Cook,IL,17031,,US
1613,113,County,Crawford,IL,17033,,US
1614,113,County,Cumberland,IL,17035,,US
1615,113,County,DeKalb,IL,17037,,US
1616,113,County,De Witt,IL,17039,,US
1617,113,County,Douglas,IL,17041,,US
1618,113,County,DuPage,IL,17043,,US
1619,113,County,Edgar,IL,17045,,US
1620,113,County,Edwards,IL,17047,,US
1621,113,County,Effingham,IL,17049,,US
1622,113,County,Fayette,IL,17051,,US
1623,113,County,Ford,IL,17053,,US
1624,113,County,Franklin,IL,17055,,US
1625,113,County,Fulton,IL,17057,,US
1626,113,County,Gallatin,IL,17059,,US
1627,113,County,Greene,IL,17061,,US
1628,113,County,Grundy,IL,17063,,US
1629,113,County,Hamilton,IL,17065,,US
1630,113,County,Hancock,IL,17067,,US
1631,113,County,Hardin,IL,17069,,US
1632,113,County,Henderson,IL,17071,,US
1633,113,County,Henry,IL,17073,,US
1634,113,County,Iroquois,IL,17075,,US
1635,113,County,Jackson,IL,17077,,US
1636,113,County,Jasper,IL,17079,,US
1637,113,County,Jefferson,IL,17081,,US
1638,113,County,Jersey,IL,17083,,US
1639,113,County,Jo Daviess,IL,17085,,US
1640,113,County,Johnson,IL,17087,,US
1641,113,County,Kane,IL,17089,,US
1642,113,County,Kankakee,IL,17091,,US
1643,113,County,Kendall,IL,17093,,US
1644,113,County,Knox,IL,17095,,US
1645,113,County,Lake,IL,17097,,US
1646,113,County,LaSalle,IL,17099,,US
1647,113,County,Lawrence,IL,17101,,US
1648,113,County,Lee,IL,17103,,US
1649,113,County,Livingston,IL,17105,,US
1650,113,County,Logan,IL,17107,,US
1651,113,County,McDonough,IL,17109,,US
1652,113,County,McHenry,IL,17111,,US
1653,113,County,McLean,IL,17113,,US
1654,113,County,Macon,IL,17115,,US
1655,113,County,Macoupin,IL,17117,,US
1656,113,County,Madison,IL,17119,,US
1657,113,County,Marion,IL,17121,,US
1658,113,County,Marshall,IL,17123,,US
1659,113,County,Mason,IL,17125,,US
1660,113,County,Massac,IL,17127,,US
1661,113,County,Menard,IL,17129,,US
1662,113,County,Mercer,IL,17131,,US
1663,113,County,Monroe,IL,17133,,US
1664,113,County,Montgomery,IL,17135,,US
1665,113,County,Morgan,IL,17137,,US
1666,113,County,Moultrie,IL,17139,,US
1667,113,County,Ogle,IL,17141,,US
1668,113,County,Peoria,IL,17143,,US
1669,113,County,Perry,IL,17145,,US
1670,113,County,Piatt,IL,17147,,US
1671,113,County,Pike,IL,17149,,US
1672,113,County,Pope,IL,17151,,US
1673,113,County,Pulaski,IL,17153,,US
1674,113,County,Putnam,IL,17155,,US
1675,113,County,Randolph,IL,17157,,US
1676,113,County,Richland,IL,17159,,US
1677,113,County,Rock Island,IL,17161,,US
1678,113,County,St. Clair,IL,17163,,US
1679,113,County,Saline,IL,17165,,US
1680,113,County,Sangamon,IL,17167,,US
1681,113,County,Schuyler,IL,17169,,US
1682,113,County,Scott,IL,17171,,US
1683,113,County,Shelby,IL,17173,,US
1684,113,County,Stark,IL,17175,,US
1685,113,County,Stephenson,IL,17177,,US
1686,113,County,Tazewell,IL,17179,,US
1687,113,County,Union,IL,17181,,US
1688,113,County,Vermilion,IL,17183,,US
1689,113,County,Wabash,IL,17185,,US
1690,113,County,Warren,IL,17187,,US
1691,113,County,Washington,IL,17189,,US
1692,113,County,Wayne,IL,17191,,US
1693,113,County,White,IL,17193,,US
1694,113,County,Whiteside,IL,17195,,US
1695,113,County,Will,IL,17197,,US
1696,113,County,Williamson,IL,17199,,US
1697,113,County,Winnebago,IL,17201,,US
1698,113,County,Woodford,IL,17203,,US
1699,114,County,Adams,IN,18001,,US
1700,114,County,Allen,IN,18003,,US
1701,114,County,Bartholomew,IN,18005,,US
1702,114,County,Benton,IN,18007,,US
1703,114,County,Blackford,IN,18009,,US
1704,114,County,Boone,IN,18011,,US
1705,114,County,Brown,IN,18013,,US
1706,114,County,Carroll,IN,18015,,US
1707,114,County,Cass,IN,18017,,US
1708,114,County,Clark,IN,18019,,US
1709,114,County,Clay,IN,18021,,US
1710,114,County,Clinton,IN,18023,,US
1711,114,County,Crawford,IN,18025,,US
1712,114,County,Daviess,IN,18027,,US
1713,114,County,Dearborn,IN,18029,,US
1714,114,County,Decatur,IN,18031,,US
1715,114,County,DeKalb,IN,18033,,US
1716,114,County,Delaware,IN,18035,,US
1717,114,County,Dubois,IN,18037,,US
1718,114,County,Elkhart,IN,18039,,US
1719,114,County,Fayette,IN,18041,,US
1720,114,County,Floyd,IN,18043,,US
1721,114,County,Fountain,IN,18045,,US
1722,114,County,Franklin,IN,18047,,US
1723,114,County,Fulton,IN,18049,,US
1724,114,County,Gibson,IN,18051,,US
1725,114,County,Grant,IN,18053,,US
1726,114,County,Greene,IN,18055,,US
1727,114,County,Hamilton,IN,18057,,US
1728,114,County,Hancock,IN,18059,,US
1729,114,County,Harrison,IN,18061,,US
1730,114,County,Hendricks,IN,18063,,US
1731,114,County,Henry,IN,18065,,US
1732,114,County,Howard,IN,18067,,US
1733,114,County,Huntington,IN,18069,,US
1734,114,County,Jackson,IN,18071,,US
1735,114,County,Jasper,IN,18073,,US
1736,114,County,Jay,IN,18075,,US
1737,114,County,Jefferson,IN,18077,,US
1738,114,County,Jennings,IN,18079,,US
1739,114,County,Johnson,IN,18081,,US
1740,114,County,Knox,IN,18083,,US
1741,114,County,Kosciusko,IN,18085,,US
1742,114,County,LaGrange,IN,18087,,US
1743,114,County,Lake,IN,18089,,US
1744,114,County,LaPorte,IN,18091,,US
1745,114,County,Lawrence,IN,18093,,US
1746,114,County,Madison,IN,18095,,US
1747,114,County,Marion,IN,18097,,US
1748,114,County,Marshall,IN,18099,,US
1749,114,County,Martin,IN,18101,,US
1750,114,County,Miami,IN,18103,,US
1751,114,County,Monroe,IN,18105,,US
1752,114,County,Montgomery,IN,18107,,US
1753,114,County,Morgan,IN,18109,,US
1754,114,County,Newton,IN,18111,,US
1755,114,County,Noble,IN,18113,,US
1756,114,County,Ohio,IN,18115,,US
1757,114,County,Orange,IN,18117,,US
1758,114,County,Owen,IN,18119,,US
1759,114,County,Parke,IN,18121,,US
1760,114,County,Perry,IN,18123,,US
1761,114,County,Pike,IN,18125,,US
1762,114,County,Porter,IN,18127,,US
1763,114,County,Posey,IN,18129,,US
1764,114,County,Pulaski,IN,18131,,US
1765,114,County,Putnam,IN,18133,,US
1766,114,County,Randolph,IN,18135,,US
1767,114,County,Ripley,IN,18137,,US
1768,114,County,Rush,IN,18139,,US
1769,114,County,St. Joseph,IN,18141,,US
1770,114,County,Scott,IN,18143,,US
1771,114,County,Shelby,IN,18145,,US
1772,114,County,Spencer,IN,18147,,US
1773,114,County,Starke,IN,18149,,US
1774,114,County,Steuben,IN,18151,,US
1775,114,County,Sullivan,IN,18153,,US
1776,114,County,Switzerland,IN,18155,,US
1777,114,County,Tippecanoe,IN,18157,,US
1778,114,County,Tipton,IN,18159,,US
1779,114,County,Union,IN,18161,,US
1780,114,County,Vanderburgh,IN,18163,,US
1781,114,County,Vermillion,IN,18165,,US
1782,114,County,Vigo,IN,18167,,US
1783,114,County,Wabash,IN,18169,,US
1784,114,County,Warren,IN,18171,,US
1785,114,County,Warrick,IN,18173,,US
1786,114,County,Washington,IN,18175,,US
1787,114,County,Wayne,IN,18177,,US
1788,114,County,Wells,IN,18179,,US
1789,114,County,White,IN,18181,,US
1790,114,County,Whitley,IN,18183,,US
1791,115,County,Adair,IA,19001,,US
1792,115,County,Adams,IA,19003,,US
1793,115,County,Allamakee,IA,19005,,US
1794,115,County,Appanoose,IA,19007,,US
1795,115,County,Audubon,IA,19009,,US
1796,115,County,Benton,IA,19011,,US
1797,115,County,Black Hawk,IA,19013,,US
1798,115,County,Boone,IA,19015,,US
1799,115,County,Bremer,IA,19017,,US
1800,115,County,Buchanan,IA,19019,,US
1801,115,County,Buena Vista,IA,19021,,US
1802,115,County,Butler,IA,19023,,US
1803,115,County,Calhoun,IA,19025,,US
1804,115,County,Carroll,IA,19027,,US
1805,115,County,Cass,IA,19029,,US
1806,115,County,Cedar,IA,19031,,US
1807,115,County,Cerro Gordo,IA,19033,,US
1808,115,County,Cherokee,IA,19035,,US
1809,115,County,Chickasaw,IA,19037,,US
1810,115,County,Clarke,IA,19039,,US
1811,115,County,Clay,IA,19041,,US
1812,115,County,Clayton,IA,19043,,US
1813,115,County,Clinton,IA,19045,,US
1814,115,County,Crawford,IA,19047,,US
1815,115,County,Dallas,IA,19049,,US
1816,115,County,Davis,IA,19051,,US
1817,115,County,Decatur,IA,19053,,US
1818,115,County,Delaware,IA,19055,,US
1819,115,County,Des Moines,IA,19057,,US
1820,115,County,Dickinson,IA,19059,,US
1821,115,County,Dubuque,IA,19061,,US
1822,115,County,Emmet,IA,19063,,US
1823,115,County,Fayette,IA,19065,,US
1824,115,County,Floyd,IA,19067,,US
1825,115,County,Franklin,IA,19069,,US
1826,115,County,Fremont,IA,19071,,US
1827,115,County,Greene,IA,19073,,US
1828,115,County,Grundy,IA,19075,,US
1829,115,County,Guthrie,IA,19077,,US
1830,115,County,Hamilton,IA,19079,,US
1831,115,County,Hancock,IA,19081,,US
1832,115,County,Hardin,IA,19083,,US
1833,115,County,Harrison,IA,19085,,US
1834,115,County,Henry,IA,19087,,US
1835,115,County,Howard,IA,19089,,US
1836,115,County,Humboldt,IA,19091,,US
1837,115,County,Ida,IA,19093,,US
1838,115,County,Iowa,IA,19095,,US
1839,115,County,Jackson,IA,19097,,US
1840,115,County,Jasper,IA,19099,,US
1841,115,County,Jefferson,IA,19101,,US
1842,115,County,Johnson,IA,19103,,US
1843,115,County,Jones,IA,19105,,US
1844,115,County,Keokuk,IA,19107,,US
1845,115,County,Kossuth,IA,19109,,US
1846,115,County,Lee,IA,19111,,US
1847,115,County,Linn,IA,19113,,US
1848,115,County,Louisa,IA,19115,,US
1849,115,County,Lucas,IA,19117,,US
1850,115,County,Lyon,IA,19119,,US
1851,115,County,Madison,IA,19121,,US
1852,115,County,Mahaska,IA,19123,,US
1853,115,County,Marion,IA,19125,,US
1854,115,County,Marshall,IA,19127,,US
1855,115,County,Mills,IA,19129,,US
1856,115,County,Mitchell,IA,19131,,US
1857,115,County,Monona,IA,19133,,US
1858,115,County,Monroe,IA,19135,,US
1859,115,County,Montgomery,IA,19137,,US
1860,115,County,Muscatine,IA,19139,,US
1861,115,County,O'Brien,IA,19141,,US
1862,115,County,Osceola,IA,19143,,US
1863,115,County,Page,IA,19145,,US
1864,115,County,Palo Alto,IA,19147,,US
1865,115,County,Plymouth,IA,19149,,US
1866,115,County,Pocahontas,IA,19151,,US
1867,115,County,Polk,IA,19153,,US
1868,115,County,Pottawattamie,IA,19155,,US
1869,115,County,Poweshiek,IA,19157,,US
1870,115,County,Ringgold,IA,19159,,US
1871,115,County,Sac,IA,19161,,US
1872,115,County,Scott,IA,19163,,US
1873,115,County,Shelby,IA,19165,,US
1874,115,County,Sioux,IA,19167,,US
1875,115,County,Story,IA,19169,,US
1876,115,County,Tama,IA,19171,,US
1877,115,County,Taylor,IA,19173,,US
1878,115,County,Union,IA,19175,,US
1879,115,County,Van Buren,IA,19177,,US
1880,115,County,Wapello,IA,19179,,US
1881,115,County,Warren,IA,19181,,US
1882,115,County,Washington,IA,19183,,US
1883,115,County,Wayne,IA,19185,,US
1884,115,County,Webster,IA,19187,,US
1885,115,County,Winnebago,IA,19189,,US
1886,115,County,Winneshiek,IA,19191,,US
1887,115,County,Woodbury,IA,19193,,US
1888,115,County,Worth,IA,19195,,US
1889,115,County,Wright,IA,19197,,US
1890,116,County,Allen,KS,20001,,US
1891,116,County,Anderson,KS,20003,,US
1892,116,County,Atchison,KS,20005,,US
1893,116,County,Barber,KS,20007,,US
1894,116,County,Barton,KS,20009,,US
1895,116,County,Bourbon,KS,20011,,US
1896,116,County,Brown,KS,20013,,US
1897,116,County,Butler,KS,20015,,US
1898,116,County,Chase,KS,20017,,US
1899,116,County,Chautauqua,KS,20019,,US
1900,116,County,Cherokee,KS,20021,,US
1901,116,County,Cheyenne,KS,20023,,US
1902,116,County,Clark,KS,20025,,US
1903,116,County,Clay,KS,20027,,US
1904,116,County,Cloud,KS,20029,,US
1905,116,County,Coffey,KS,20031,,US
1906,116,County,Comanche,KS,20033,,US
1907,116,County,Cowley,KS,20035,,US
1908,116,County,Crawford,KS,20037,,US
1909,116,County,Decatur,KS,20039,,US
1910,116,County,Dickinson,KS,20041,,US
1911,116,County,Doniphan,KS,20043,,US
1912,116,County,Douglas,KS,20045,,US
1913,116,County,Edwards,KS,20047,,US
1914,116,County,Elk,KS,20049,,US
1915,116,County,Ellis,KS,20051,,US
1916,116,County,Ellsworth,KS,20053,,US
1917,116,County,Finney,KS,20055,,US
1918,116,County,Ford,KS,20057,,US
1919,116,County,Franklin,KS,20059,,US
1920,116,County,Geary,KS,20061,,US
1921,116,County,Gove,KS,20063,,US
1922,116,County,Graham,KS,20065,,US
1923,116,County,Grant,KS,20067,,US
1924,116,County,Gray,KS,20069,,US
1925,116,County,Greeley,KS,20071,,US
1926,116,County,Greenwood,KS,20073,,US
1927,116,County,Hamilton,KS,20075,,US
1928,116,County,Harper,KS,20077,,US
1929,116,County,Harvey,KS,20079,,US
1930,116,County,Haskell,KS,20081,,US
1931,116,County,Hodgeman,KS,20083,,US
1932,116,County,Jackson,KS,20085,,US
1933,116,County,Jefferson,KS,20087,,US
1934,116,County,Jewell,KS,20089,,US
1935,116,County,Johnson,KS,20091,,US
1936,116,County,Kearny,KS,20093,,US
1937,116,County,Kingman,KS,20095,,US
1938,116,County,Kiowa,KS,20097,,US
1939,116,County,Labette,KS,20099,,US
1940,116,County,Lane,KS,20101,,US
1941,116,County,Leavenworth,KS,20103,,US
1942,116,County,Lincoln,KS,20105,,US
1943,116,County,Linn,KS,20107,,US
1944,116,County,Logan,KS,20109,,US
1945,116,County,Lyon,KS,20111,,US
1946,116,County,McPherson,KS,20113,,US
1947,116,County,Marion,KS,20115,,US
1948,116,County,Marshall,KS,20117,,US
1949,116,County,Meade,KS,20119,,US
1950,116,County,Miami,KS,20121,,US
1951,116,County,Mitchell,KS,20123,,US
1952,116,County,Montgomery,KS,20125,,US
1953,116,County,Morris,KS,20127,,US
1954,116,County,Morton,KS,20129,,US
1955,116,County,Nemaha,KS,20131,,US
1956,116,County,Neosho,KS,20133,,US
1957,116,County,Ness,KS,20135,,US
1958,116,County,Norton,KS,20137,,US
1959,116,County,Osage,KS,20139,,US
1960,116,County,Osborne,KS,20141,,US
1961,116,County,Ottawa,KS,20143,,US
1962,116,County,Pawnee,KS,20145,,US
1963,116,County,Phillips,KS,20147,,US
1964,116,County,Pottawatomie,KS,20149,,US
1965,116,County,Pratt,KS,20151,,US
1966,116,County,Rawlins,KS,20153,,US
1967,116,County,Reno,KS,20155,,US
1968,116,County,Republic,KS,20157,,US
1969,116,County,Rice,KS,20159,,US
1970,116,County,Riley,KS,20161,,US
1971,116,County,Rooks,KS,20163,,US
1972,116,County,Rush,KS,20165,,US
1973,116,County,Russell,KS,20167,,US
1974,116,County,Saline,KS,20169,,US
1975,116,County,Scott,KS,20171,,US
1976,116,County,Sedgwick,KS,20173,,US
1977,116,County,Seward,KS,20175,,US
1978,116,County,Shawnee,KS,20177,,US
1979,116,County,Sheridan,KS,20179,,US
1980,116,County,Sherman,KS,20181,,US
1981,116,County,Smith,KS,20183,,US
1982,116,County,Stafford,KS,20185,,US
1983,116,County,Stanton,KS,20187,,US
1984,116,County,Stevens,KS,20189,,US
1985,116,County,Sumner,KS,20191,,US
1986,116,County,Thomas,KS,20193,,US
1987,116,County,Trego,KS,20195,,US
1988,116,County,Wabaunsee,KS,20197,,US
1989,116,County,Wallace,KS,20199,,US
1990,116,County,Washington,KS,20201,,US
1991,116,County,Wichita,KS,20203,,US
1992,116,County,Wilson,KS,20205,,US
1993,116,County,Woodson,KS,20207,,US
1994,116,County,Wyandotte,KS,20209,,US
1995,117,County,Adair,KY,21001,,US
1996,117,County,Allen,KY,21003,,US
1997,117,County,Anderson,KY,21005,,US
1998,117,County,Ballard,KY,21007,,US
1999,117,County,Barren,KY,21009,,US
2000,117,County,Bath,KY,21011,,US
2001,117,County,Bell,KY,21013,,US
2002,117,County,Boone,KY,21015,,US
2003,117,County,Bourbon,KY,21017,,US
2004,117,County,Boyd,KY,21019,,US
2005,117,County,Boyle,KY,21021,,US
2006,117,County,Bracken,KY,21023,,US
2007,117,County,Breathitt,KY,21025,,US
2008,117,County,Breckinridge,KY,21027,,US
2009,117,County,Bullitt,KY,21029,,US
2010,117,County,Butler,KY,21031,,US
2011,117,County,Caldwell,KY,21033,,US
2012,117,County,Calloway,KY,21035,,US
2013,117,County,Campbell,KY,21037,,US
2014,117,County,Carlisle,KY,21039,,US
2015,117,County,Carroll,KY,21041,,US
2016,117,County,Carter,KY,21043,,US
2017,117,County,Casey,KY,21045,,US
2018,117,County,Christian,KY,21047,,US
2019,117,County,Clark,KY,21049,,US
2020,117,County,Clay,KY,21051,,US
2021,117,County,Clinton,KY,21053,,US
2022,117,County,Crittenden,KY,21055,,US
2023,117,County,Cumberland,KY,21057,,US
2024,117,County,Daviess,KY,21059,,US
2025,117,County,Edmonson,KY,21061,,US
2026,117,County,Elliott,KY,21063,,US
2027,117,County,Estill,KY,21065,,US
2028,117,County,Fayette,KY,21067,,US
2029,117,County,Fleming,KY,21069,,US
2030,117,County,Floyd,KY,21071,,US
2031,117,County,Franklin,KY,21073,,US
2032,117,County,Fulton,KY,21075,,US
2033,117,County,Gallatin,KY,21077,,US
2034,117,County,Garrard,KY,21079,,US
2035,117,County,Grant,KY,21081,,US
2036,117,County,Graves,KY,21083,,US
2037,117,County,Grayson,KY,21085,,US
2038,117,County,Green,KY,21087,,US
2039,117,County,Greenup,KY,21089,,US
2040,117,County,Hancock,KY,21091,,US
2041,117,County,Hardin,KY,21093,,US
2042,117,County,Harlan,KY,21095,,US
2043,117,County,Harrison,KY,21097,,US
2044,117,County,Hart,KY,21099,,US
2045,117,County,Henderson,KY,21101,,US
2046,117,County,Henry,KY,21103,,US
2047,117,County,Hickman,KY,21105,,US
2048,117,County,Hopkins,KY,21107,,US
2049,117,County,Jackson,KY,21109,,US
2050,117,County,Jefferson,KY,21111,,US
2051,117,County,Jessamine,KY,21113,,US
2052,117,County,Johnson,KY,21115,,US
2053,117,County,Kenton,KY,21117,,US
2054,117,County,Knott,KY,21119,,US
2055,117,County,Knox,KY,21121,,US
2056,117,County,Larue,KY,21123,,US
2057,117,County,Laurel,KY,21125,,US
2058,117,County,Lawrence,KY,21127,,US
2059,117,County,Lee,KY,21129,,US
2060,117,County,Leslie,KY,21131,,US
2061,117,County,Letcher,KY,21133,,US
2062,117,County,Lewis,KY,21135,,US
2063,117,County,Lincoln,KY,21137,,US
2064,117,County,Livingston,KY,21139,,US
2065,117,County,Logan,KY,21141,,US
2066,117,County,Lyon,KY,21143,,US
2067,117,County,McCracken,KY,21145,,US
2068,117,County,McCreary,KY,21147,,US
2069,117,County,McLean,KY,21149,,US
2070,117,County,Madison,KY,21151,,US
2071,117,County,Magoffin,KY,21153,,US
2072,117,County,Marion,KY,21155,,US
2073,117,County,Marshall,KY,21157,,US
2074,117,County,Martin,KY,21159,,US
2075,117,County,Mason,KY,21161,,US
2076,117,County,Meade,KY,21163,,US
2077,117,County,Menifee,KY,21165,,US
2078,117,County,Mercer,KY,21167,,US
2079,117,County,Metcalfe,KY,21169,,US
2080,117,County,Monroe,KY,21171,,US
2081,117,County,Montgomery,KY,21173,,US
2082,117,County,Morgan,KY,21175,,US
2083,117,County,Muhlenberg,KY,21177,,US
2084,117,County,Nelson,KY,21179,,US
2085,117,County,Nicholas,KY,21181,,US
2086,117,County,Ohio,KY,21183,,US
2087,117,County,Oldham,KY,21185,,US
2088,117,County,Owen,KY,21187,,US
2089,117,County,Owsley,KY,21189,,US
2090,117,County,Pendleton,KY,21191,,US
2091,117,County,Perry,KY,21193,,US
2092,117,County,Pike,KY,21195,,US
2093,117,County,Powell,KY,21197,,US
2094,117,County,Pulaski,KY,21199,,US
2095,117,County,Robertson,KY,21201,,US
2096,117,County,Rockcastle,KY,21203,,US
2097,117,County,Rowan,KY,21205,,US
2098,117,County,Russell,KY,21207,,US
2099,117,County,Scott,KY,21209,,US
2100,117,County,Shelby,KY,21211,,US
2101,117,County,Simpson,KY,21213,,US
2102,117,County,Spencer,KY,21215,,US
2103,117,County,Taylor,KY,21217,,US
2104,117,County,Todd,KY,21219,,US
2105,117,County,Trigg,KY,21221,,US
2106,117,County,Trimble,KY,21223,,US
2107,117,County,Union,KY,21225,,US
2108,117,County,Warren,KY,21227,,US
2109,117,County,Washington,KY,21229,,US
2110,117,County,Wayne,KY,21231,,US
2111,117,County,Webster,KY,21233,,US
2112,117,County,Whitley,KY,21235,,US
2113,117,County,Wolfe,KY,21237,,US
2114,117,County,Woodford,KY,21239,,US
2115,118,County,Acadia,LA,22001,,US
2116,118,County,Allen,LA,22003,,US
2117,118,County,Ascension,LA,22005,,US
2118,118,County,Assumption,LA,22007,,US
2119,118,County,Avoyelles,LA,22009,,US
2120,118,County,Beauregard,LA,22011,,US
2121,118,County,Bienville,LA,22013,,US
2122,118,County,Bossier,LA,22015,,US
2123,118,County,Caddo,LA,22017,,US
2124,118,County,Calcasieu,LA,22019,,US
2125,118,County,Caldwell,LA,22021,,US
2126,118,County,Cameron,LA,22023,,US
2127,118,County,Catahoula,LA,22025,,US
2128,118,County,Claiborne,LA,22027,,US
2129,118,County,Concordia,LA,22029,,US
2130,118,County,De Soto,LA,22031,,US
2131,118,County,East Baton Rouge,LA,22033,,US
2132,118,County,East Carroll,LA,22035,,US
2133,118,County,East Feliciana,LA,22037,,US
2134,118,County,Evangeline,LA,22039,,US
2135,118,County,Franklin,LA,22041,,US
2136,118,County,Grant,LA,22043,,US
2137,118,County,Iberia,LA,22045,,US
2138,118,County,Iberville,LA,22047,,US
2139,118,County,Jackson,LA,22049,,US
2140,118,County,Jefferson,LA,22051,,US
2141,118,County,Jefferson Davis,LA,22053,,US
2142,118,County,Lafayette,LA,22055,,US
2143,118,County,Lafourche,LA,22057,,US
2144,118,County,LaSalle,LA,22059,,US
2145,118,County,Lincoln,LA,22061,,US
2146,118,County,Livingston,LA,22063,,US
2147,118,County,Madison,LA,22065,,US
2148,118,County,Morehouse,LA,22067,,US
2149,118,County,Natchitoches,LA,22069,,US
2150,118,County,Orleans,LA,22071,,US
2151,118,County,Ouachita,LA,22073,,US
2152,118,County,Plaquemines,LA,22075,,US
2153,118,County,Pointe Coupee,LA,22077,,US
2154,118,County,Rapides,LA,22079,,US
2155,118,County,Red River,LA,22081,,US
2156,118,County,Richland,LA,22083,,US
2157,118,County,Sabine,LA,22085,,US
2158,118,County,St. Bernard,LA,22087,,US
2159,118,County,St. Charles,LA,22089,,US
2160,118,County,St. Helena,LA,22091,,US
2161,118,County,St. James,LA,22093,,US
2162,118,County,St. John the Baptist,LA,22095,,US
2163,118,County,St. Landry,LA,22097,,US
2164,118,County,St. Martin,LA,22099,,US
2165,118,County,St. Mary,LA,22101,,US
2166,118,County,St. Tammany,LA,22103,,US
2167,118,County,Tangipahoa,LA,22105,,US
2168,118,County,Tensas,LA,22107,,US
2169,118,County,Terrebonne,LA,22109,,US
2170,118,County,Union,LA,22111,,US
2171,118,County,Vermilion,LA,22113,,US
2172,118,County,Vernon,LA,22115,,US
2173,118,County,Washington,LA,22117,,US
2174,118,County,Webster,LA,22119,,US
2175,118,County,West Baton Rouge,LA,22121,,US
2176,118,County,West Carroll,LA,22123,,US
2177,118,County,West Feliciana,LA,22125,,US
2178,118,County,Winn,LA,22127,,US
2179,119,County,Androscoggin,ME,23001,,US
2180,119,County,Aroostook,ME,23003,,US
2181,119,County,Cumberland,ME,23005,,US
2182,119,County,Franklin,ME,23007,,US
2183,119,County,Hancock,ME,23009,,US
2184,119,County,Kennebec,ME,23011,,US
2185,119,County,Knox,ME,23013,,US
2186,119,County,Lincoln,ME,23015,,US
2187,119,County,Oxford,ME,23017,,US
2188,119,County,Penobscot,ME,23019,,US
2189,119,County,Piscataquis,ME,23021,,US
2190,119,County,Sagadahoc,ME,23023,,US
2191,119,County,Somerset,ME,23025,,US
2192,119,County,Waldo,ME,23027,,US
2193,119,County,Washington,ME,23029,,US
2194,119,County,York,ME,23031,,US
2195,120,County,Allegany,MD,24001,,US
2196,120,County,Anne Arundel,MD,24003,,US
2197,120,County,Baltimore,MD,24005,,US
2198,120,County,Calvert,MD,24009,,US
2199,120,County,Caroline,MD,24011,,US
2200,120,County,Carroll,MD,24013,,US
2201,120,County,Cecil,MD,24015,,US
2202,120,County,Charles,MD,24017,,US
2203,120,County,Dorchester,MD,24019,,US
2204,120,County,Frederick,MD,24021,,US
2205,120,County,Garrett,MD,24023,,US
2206,120,County,Harford,MD,24025,,US
2207,120,County,Howard,MD,24027,,US
2208,120,County,Kent,MD,24029,,US
2209,120,County,Montgomery,MD,24031,,US
2210,120,County,Prince George's,MD,24033,,US
2211,120,County,Queen Anne's,MD,24035,,US
2212,120,County,St. Mary's,MD,24037,,US
2213,120,County,Somerset,MD,24039,,US
2214,120,County,Talbot,MD,24041,,US
2215,120,County,Washington,MD,24043,,US
2216,120,County,Wicomico,MD,24045,,US
2217,120,County,Worcester,MD,24047,,US
2218,120,County,Baltimore,MD,24510,,US
2219,121,County,Barnstable,MA,25001,,US
2220,121,County,Berkshire,MA,25003,,US
2221,121,County,Bristol,MA,25005,,US
2222,121,County,Dukes,MA,25007,,US
2223,121,County,Essex,MA,25009,,US
2224,121,County,Franklin,MA,25011,,US
2225,121,County,Hampden,MA,25013,,US
2226,121,County,Hampshire,MA,25015,,US
2227,121,County,Middlesex,MA,25017,,US
2228,121,County,Nantucket,MA,25019,,US
2229,121,County,Norfolk,MA,25021,,US
2230,121,County,Plymouth,MA,25023,,US
2231,121,County,Suffolk,MA,25025,,US
2232,121,County,Worcester,MA,25027,,US
2233,122,County,Alcona,MI,26001,,US
2234,122,County,Alger,MI,26003,,US
2235,122,County,Allegan,MI,26005,,US
2236,122,County,Alpena,MI,26007,,US
2237,122,County,Antrim,MI,26009,,US
2238,122,County,Arenac,MI,26011,,US
2239,122,County,Baraga,MI,26013,,US
2240,122,County,Barry,MI,26015,,US
2241,122,County,Bay,MI,26017,,US
2242,122,County,Benzie,MI,26019,,US
2243,122,County,Berrien,MI,26021,,US
2244,122,County,Branch,MI,26023,,US
2245,122,County,Calhoun,MI,26025,,US
2246,122,County,Cass,MI,26027,,US
2247,122,County,Charlevoix,MI,26029,,US
2248,122,County,Cheboygan,MI,26031,,US
2249,122,County,Chippewa,MI,26033,,US
2250,122,County,Clare,MI,26035,,US
2251,122,County,Clinton,MI,26037,,US
2252,122,County,Crawford,MI,26039,,US
2253,122,County,Delta,MI,26041,,US
2254,122,County,Dickinson,MI,26043,,US
2255,122,County,Eaton,MI,26045,,US
2256,122,County,Emmet,MI,26047,,US
2257,122,County,Genesee,MI,26049,,US
2258,122,County,Gladwin,MI,26051,,US
2259,122,County,Gogebic,MI,26053,,US
2260,122,County,Grand Traverse,MI,26055,,US
2261,122,County,Gratiot,MI,26057,,US
2262,122,County,Hillsdale,MI,26059,,US
2263,122,County,Houghton,MI,26061,,US
2264,122,County,Huron,MI,26063,,US
2265,122,County,Ingham,MI,26065,,US
2266,122,County,Ionia,MI,26067,,US
2267,122,County,Iosco,MI,26069,,US
2268,122,County,Iron,MI,26071,,US
2269,122,County,Isabella,MI,26073,,US
2270,122,County,Jackson,MI,26075,,US
2271,122,County,Kalamazoo,MI,26077,,US
2272,122,County,Kalkaska,MI,26079,,US
2273,122,County,Kent,MI,26081,,US
2274,122,County,Keweenaw,MI,26083,,US
2275,122,County,Lake,MI,26085,,US
2276,122,County,Lapeer,MI,26087,,US
2277,122,County,Leelanau,MI,26089,,US
2278,122,County,Lenawee,MI,26091,,US
2279,122,County,Livingston,MI,26093,,US
2280,122,County,Luce,MI,26095,,US
2281,122,County,Mackinac,MI,26097,,US
2282,122,County,Macomb,MI,26099,,US
2283,122,County,Manistee,MI,26101,,US
2284,122,County,Marquette,MI,26103,,US
2285,122,County,Mason,MI,26105,,US
2286,122,County,Mecosta,MI,26107,,US
2287,122,County,Menominee,MI,26109,,US
2288,122,County,Midland,MI,26111,,US
2289,122,County,Missaukee,MI,26113,,US
2290,122,County,Monroe,MI,26115,,US
2291,122,County,Montcalm,MI,26117,,US
2292,122,County,Montmorency,MI,26119,,US
2293,122,County,Muskegon,MI,26121,,US
2294,122,County,Newaygo,MI,26123,,US
2295,122,County,Oakland,MI,26125,,US
2296,122,County,Oceana,MI,26127,,US
2297,122,County,Ogemaw,MI,26129,,US
2298,122,County,Ontonagon,MI,26131,,US
2299,122,County,Osceola,MI,26133,,US
2300,122,County,Oscoda,MI,26135,,US
2301,122,County,Otsego,MI,26137,,US
2302,122,County,Ottawa,MI,26139,,US
2303,122,County,Presque Isle,MI,26141,,US
2304,122,County,Roscommon,MI,26143,,US
2305,122,County,Saginaw,MI,26145,,US
2306,122,County,St. Clair,MI,26147,,US
2307,122,County,St. Joseph,MI,26149,,US
2308,122,County,Sanilac,MI,26151,,US
2309,122,County,Schoolcraft,MI,26153,,US
2310,122,County,Shiawassee,MI,26155,,US
2311,122,County,Tuscola,MI,26157,,US
2312,122,County,Van Buren,MI,26159,,US
2313,122,County,Washtenaw,MI,26161,,US
2314,122,County,Wayne,MI,26163,,US
2315,122,County,Wexford,MI,26165,,US
2316,123,County,Aitkin,MN,27001,,US
2317,123,County,Anoka,MN,27003,,US
2318,123,County,Becker,MN,27005,,US
2319,123,County,Beltrami,MN,27007,,US
2320,123,County,Benton,MN,27009,,US
2321,123,County,Big Stone,MN,27011,,US
2322,123,County,Blue Earth,MN,27013,,US
2323,123,County,Brown,MN,27015,,US
2324,123,County,Carlton,MN,27017,,US
2325,123,County,Carver,MN,27019,,US
2326,123,County,Cass,MN,27021,,US
2327,123,County,Chippewa,MN,27023,,US
2328,123,County,Chisago,MN,27025,,US
2329,123,County,Clay,MN,27027,,US
2330,123,County,Clearwater,MN,27029,,US
2331,123,County,Cook,MN,27031,,US
2332,123,County,Cottonwood,MN,27033,,US
2333,123,County,Crow Wing,MN,27035,,US
2334,123,County,Dakota,MN,27037,,US
2335,123,County,Dodge,MN,27039,,US
2336,123,County,Douglas,MN,27041,,US
2337,123,County,Faribault,MN,27043,,US
2338,123,County,Fillmore,MN,27045,,US
2339,123,County,Freeborn,MN,27047,,US
2340,123,County,Goodhue,MN,27049,,US
2341,123,County,Grant,MN,27051,,US
2342,123,County,Hennepin,MN,27053,,US
2343,123,County,Houston,MN,27055,,US
2344,123,County,Hubbard,MN,27057,,US
2345,123,County,Isanti,MN,27059,,US
2346,123,County,Itasca,MN,27061,,US
2347,123,County,Jackson,MN,27063,,US
2348,123,County,Kanabec,MN,27065,,US
2349,123,County,Kandiyohi,MN,27067,,US
2350,123,County,Kittson,MN,27069,,US
2351,123,County,Koochiching,MN,27071,,US
2352,123,County,Lac qui Parle,MN,27073,,US
2353,123,County,Lake,MN,27075,,US
2354,123,County,Lake of the Woods,MN,27077,,US
2355,123,County,Le Sueur,MN,27079,,US
2356,123,County,Lincoln,MN,27081,,US
2357,123,County,Lyon,MN,27083,,US
2358,123,County,McLeod,MN,27085,,US
2359,123,County,Mahnomen,MN,27087,,US
2360,123,County,Marshall,MN,27089,,US
2361,123,County,Martin,MN,27091,,US
2362,123,County,Meeker,MN,27093,,US
2363,123,County,Mille Lacs,MN,27095,,US
2364,123,County,Morrison,MN,27097,,US
2365,123,County,Mower,MN,27099,,US
2366,123,County,Murray,MN,27101,,US
2367,123,County,Nicollet,MN,27103,,US
2368,123,County,Nobles,MN,27105,,US
2369,123,County,Norman,MN,27107,,US
2370,123,County,Olmsted,MN,27109,,US
2371,123,County,Otter Tail,MN,27111,,US
2372,123,County,Pennington,MN,27113,,US
2373,123,County,Pine,MN,27115,,US
2374,123,County,Pipestone,MN,27117,,US
2375,123,County,Polk,MN,27119,,US
2376,123,County,Pope,MN,27121,,US
2377,123,County,Ramsey,MN,27123,,US
2378,123,County,Red Lake,MN,27125,,US
2379,123,County,Redwood,MN,27127,,US
2380,123,County,Renville,MN,27129,,US
2381,123,County,Rice,MN,27131,,US
2382,123,County,Rock,MN,27133,,US
2383,123,County,Roseau,MN,27135,,US
2384,123,County,St. Louis,MN,27137,,US
2385,123,County,Scott,MN,27139,,US
2386,123,County,Sherburne,MN,27141,,US
2387,123,County,Sibley,MN,27143,,US
2388,123,County,Stearns,MN,27145,,US
2389,123,County,Steele,MN,27147,,US
2390,123,County,Stevens,MN,27149,,US
2391,123,County,Swift,MN,27151,,US
2392,123,County,Todd,MN,27153,,US
2393,123,County,Traverse,MN,27155,,US
2394,123,County,Wabasha,MN,27157,,US
2395,123,County,Wadena,MN,27159,,US
2396,123,County,Waseca,MN,27161,,US
2397,123,County,Washington,MN,27163,,US
2398,123,County,Watonwan,MN,27165,,US
2399,123,County,Wilkin,MN,27167,,US
2400,123,County,Winona,MN,27169,,US
2401,123,County,Wright,MN,27171,,US
2402,123,County,Yellow Medicine,MN,27173,,US
2403,124,County,Adams,MS,28001,,US
2404,124,County,Alcorn,MS,28003,,US
2405,124,County,Amite,MS,28005,,US
2406,124,County,Attala,MS,28007,,US
2407,124,County,Benton,MS,28009,,US
2408,124,County,Bolivar,MS,28011,,US
2409,124,County,Calhoun,MS,28013,,US
2410,124,County,Carroll,MS,28015,,US
2411,124,County,Chickasaw,MS,28017,,US
2412,124,County,Choctaw,MS,28019,,US
2413,124,County,Claiborne,MS,28021,,US
2414,124,County,Clarke,MS,28023,,US
2415,124,County,Clay,MS,28025,,US
2416,124,County,Coahoma,MS,28027,,US
2417,124,County,Copiah,MS,28029,,US
2418,124,County,Covington,MS,28031,,US
2419,124,County,DeSoto,MS,28033,,US
2420,124,County,Forrest,MS,28035,,US
2421,124,County,Franklin,MS,28037,,US
2422,124,County,George,MS,28039,,US
2423,124,County,Greene,MS,28041,,US
2424,124,County,Grenada,MS,28043,,US
2425,124,County,Hancock,MS,28045,,US
2426,124,County,Harrison,MS,28047,,US
2427,124,County,Hinds,MS,28049,,US
2428,124,County,Holmes,MS,28051,,US
2429,124,County,Humphreys,MS,28053,,US
2430,124,County,Issaquena,MS,28055,,US
2431,124,County,Itawamba,MS,28057,,US
2432,124,County,Jackson,MS,28059,,US
2433,124,County,Jasper,MS,28061,,US
2434,124,County,Jefferson,MS,28063,,US
2435,124,County,Jefferson Davis,MS,28065,,US
2436,124,County,Jones,MS,28067,,US
2437,124,County,Kemper,MS,28069,,US
2438,124,County,Lafayette,MS,28071,,US
2439,124,County,Lamar,MS,28073,,US
2440,124,County,Lauderdale,MS,28075,,US
2441,124,County,Lawrence,MS,28077,,US
2442,124,County,Leake,MS,28079,,US
2443,124,County,Lee,MS,28081,,US
2444,124,County,Leflore,MS,28083,,US
2445,124,County,Lincoln,MS,28085,,US
2446,124,County,Lowndes,MS,28087,,US
2447,124,County,Madison,MS,28089,,US
2448,124,County,Marion,MS,28091,,US
2449,124,County,Marshall,MS,28093,,US
2450,124,County,Monroe,MS,28095,,US
2451,124,County,Montgomery,MS,28097,,US
2452,124,County,Neshoba,MS,28099,,US
2453,124,County,Newton,MS,28101,,US
2454,124,County,Noxubee,MS,28103,,US
2455,124,County,Oktibbeha,MS,28105,,US
2456,124,County,Panola,MS,28107,,US
2457,124,County,Pearl River,MS,28109,,US
2458,124,County,Perry,MS,28111,,US
2459,124,County,Pike,MS,28113,,US
2460,124,County,Pontotoc,MS,28115,,US
2461,124,County,Prentiss,MS,28117,,US
2462,124,County,Quitman,MS,28119,,US
2463,124,County,Rankin,MS,28121,,US
2464,124,County,Scott,MS,28123,,US
2465,124,County,Sharkey,MS,28125,,US
2466,124,County,Simpson,MS,28127,,US
2467,124,County,Smith,MS,28129,,US
2468,124,County,Stone,MS,28131,,US
2469,124,County,Sunflower,MS,28133,,US
2470,124,County,Tallahatchie,MS,28135,,US
2471,124,County,Tate,MS,28137,,US
2472,124,County,Tippah,MS,28139,,US
2473,124,County,Tishomingo,MS,28141,,US
2474,124,County,Tunica,MS,28143,,US
2475,124,County,Union,MS,28145,,US
2476,124,County,Walthall,MS,28147,,US
2477,124,County,Warren,MS,28149,,US
2478,124,County,Washington,MS,28151,,US
2479,124,County,Wayne,MS,28153,,US
2480,124,County,Webster,MS,28155,,US
2481,124,County,Wilkinson,MS,28157,,US
2482,124,County,Winston,MS,28159,,US
2483,124,County,Yalobusha,MS,28161,,US
2484,124,County,Yazoo,MS,28163,,US
2485,125,County,Adair,MO,29001,,US
2486,125,County,Andrew,MO,29003,,US
2487,125,County,Atchison,MO,29005,,US
2488,125,County,Audrain,MO,29007,,US
2489,125,County,Barry,MO,29009,,US
2490,125,County,Barton,MO,29011,,US
2491,125,County,Bates,MO,29013,,US
2492,125,County,Benton,MO,29015,,US
2493,125,County,Bollinger,MO,29017,,US
2494,125,County,Boone,MO,29019,,US
2495,125,County,Buchanan,MO,29021,,US
2496,125,County,Butler,MO,29023,,US
2497,125,County,Caldwell,MO,29025,,US
2498,125,County,Callaway,MO,29027,,US
2499,125,County,Camden,MO,29029,,US
2500,125,County,Cape Girardeau,MO,29031,,US
2501,125,County,Carroll,MO,29033,,US
2502,125,County,Carter,MO,29035,,US
2503,125,County,Cass,MO,29037,,US
2504,125,County,Cedar,MO,29039,,US
2505,125,County,Chariton,MO,29041,,US
2506,125,County,Christian,MO,29043,,US
2507,125,County,Clark,MO,29045,,US
2508,125,County,Clay,MO,29047,,US
2509,125,County,Clinton,MO,29049,,US
2510,125,County,Cole,MO,29051,,US
2511,125,County,Cooper,MO,29053,,US
2512,125,County,Crawford,MO,29055,,US
2513,125,County,Dade,MO,29057,,US
2514,125,County,Dallas,MO,29059,,US
2515,125,County,Daviess,MO,29061,,US
2516,125,County,DeKalb,MO,29063,,US
2517,125,County,Dent,MO,29065,,US
2518,125,County,Douglas,MO,29067,,US
2519,125,County,Dunklin,MO,29069,,US
2520,125,County,Franklin,MO,29071,,US
2521,125,County,Gasconade,MO,29073,,US
2522,125,County,Gentry,MO,29075,,US
2523,125,County,Greene,MO,29077,,US
2524,125,County,Grundy,MO,29079,,US
2525,125,County,Harrison,MO,29081,,US
2526,125,County,Henry,MO,29083,,US
2527,125,County,Hickory,MO,29085,,US
2528,125,County,Holt,MO,29087,,US
2529,125,County,Howard,MO,29089,,US
2530,125,County,Howell,MO,29091,,US
2531,125,County,Iron,MO,29093,,US
2532,125,County,Jackson,MO,29095,,US
2533,125,County,Jasper,MO,29097,,US
2534,125,County,Jefferson,MO,29099,,US
2535,125,County,Johnson,MO,29101,,US
2536,125,County,Knox,MO,29103,,US
2537,125,County,Laclede,MO,29105,,US
2538,125,County,Lafayette,MO,29107,,US
2539,125,County,Lawrence,MO,29109,,US
2540,125,County,Lewis,MO,29111,,US
2541,125,County,Lincoln,MO,29113,,US
2542,125,County,Linn,MO,29115,,US
2543,125,County,Livingston,MO,29117,,US
2544,125,County,McDonald,MO,29119,,US
2545,125,County,Macon,MO,29121,,US
2546,125,County,Madison,MO,29123,,US
2547,125,County,Maries,MO,29125,,US
2548,125,County,Marion,MO,29127,,US
2549,125,County,Mercer,MO,29129,,US
2550,125,County,Miller,MO,29131,,US
2551,125,County,Mississippi,MO,29133,,US
2552,125,County,Moniteau,MO,29135,,US
2553,125,County,Monroe,MO,29137,,US
2554,125,County,Montgomery,MO,29139,,US
2555,125,County,Morgan,MO,29141,,US
2556,125,County,New Madrid,MO,29143,,US
2557,125,County,Newton,MO,29145,,US
2558,125,County,Nodaway,MO,29147,,US
2559,125,County,Oregon,MO,29149,,US
2560,125,County,Osage,MO,29151,,US
2561,125,County,Ozark,MO,29153,,US
2562,125,County,Pemiscot,MO,29155,,US
2563,125,County,Perry,MO,29157,,US
2564,125,County,Pettis,MO,29159,,US
2565,125,County,Phelps,MO,29161,,US
2566,125,County,Pike,MO,29163,,US
2567,125,County,Platte,MO,29165,,US
2568,125,County,Polk,MO,29167,,US
2569,125,County,Pulaski,MO,29169,,US
2570,125,County,Putnam,MO,29171,,US
2571,125,County,Ralls,MO,29173,,US
2572,125,County,Randolph,MO,29175,,US
2573,125,County,Ray,MO,29177,,US
2574,125,County,Reynolds,MO,29179,,US
2575,125,County,Ripley,MO,29181,,US
2576,125,County,St. Charles,MO,29183,,US
2577,125,County,St. Clair,MO,29185,,US
2578,125,County,Ste. Genevieve,MO,29186,,US
2579,125,County,St. Francois,MO,29187,,US
2580,125,County,St. Louis,MO,29189,,US
2581,125,County,Saline,MO,29195,,US
2582,125,County,Schuyler,MO,29197,,US
2583,125,County,Scotland,MO,29199,,US
2584,125,County,Scott,MO,29201,,US
2585,125,County,Shannon,MO,29203,,US
2586,125,County,Shelby,MO,29205,,US
2587,125,County,Stoddard,MO,29207,,US
2588,125,County,Stone,MO,29209,,US
2589,125,County,Sullivan,MO,29211,,US
2590,125,County,Taney,MO,29213,,US
2591,125,County,Texas,MO,29215,,US
2592,125,County,Vernon,MO,29217,,US
2593,125,County,Warren,MO,29219,,US
2594,125,County,Washington,MO,29221,,US
2595,125,County,Wayne,MO,29223,,US
2596,125,County,Webster,MO,29225,,US
2597,125,County,Worth,MO,29227,,US
2598,125,County,Wright,MO,29229,,US
2599,125,County,St. Louis,MO,29510,,US
2600,126,County,Beaverhead,MT,30001,,US
2601,126,County,Big Horn,MT,30003,,US
2602,126,County,Blaine,MT,30005,,US
2603,126,County,Broadwater,MT,30007,,US
2604,126,County,Carbon,MT,30009,,US
2605,126,County,Carter,MT,30011,,US
2606,126,County,Cascade,MT,30013,,US
2607,126,County,Chouteau,MT,30015,,US
2608,126,County,Custer,MT,30017,,US
2609,126,County,Daniels,MT,30019,,US
2610,126,County,Dawson,MT,30021,,US
2611,126,County,Deer Lodge,MT,30023,,US
2612,126,County,Fallon,MT,30025,,US
2613,126,County,Fergus,MT,30027,,US
2614,126,County,Flathead,MT,30029,,US
2615,126,County,Gallatin,MT,30031,,US
2616,126,County,Garfield,MT,30033,,US
2617,126,County,Glacier,MT,30035,,US
2618,126,County,Golden Valley,MT,30037,,US
2619,126,County,Granite,MT,30039,,US
2620,126,County,Hill,MT,30041,,US
2621,126,County,Jefferson,MT,30043,,US
2622,126,County,Judith Basin,MT,30045,,US
2623,126,County,Lake,MT,30047,,US
2624,126,County,Lewis and Clark,MT,30049,,US
2625,126,County,Liberty,MT,30051,,US
2626,126,County,Lincoln,MT,30053,,US
2627,126,County,McCone,MT,30055,,US
2628,126,County,Madison,MT,30057,,US
2629,126,County,Meagher,MT,30059,,US
2630,126,County,Mineral,MT,30061,,US
2631,126,County,Missoula,MT,30063,,US
2632,126,County,Musselshell,MT,30065,,US
2633,126,County,Park,MT,30067,,US
2634,126,County,Petroleum,MT,30069,,US
2635,126,County,Phillips,MT,30071,,US
2636,126,County,Pondera,MT,30073,,US
2637,126,County,Powder River,MT,30075,,US
2638,126,County,Powell,MT,30077,,US
2639,126,County,Prairie,MT,30079,,US
2640,126,County,Ravalli,MT,30081,,US
2641,126,County,Richland,MT,30083,,US
2642,126,County,Roosevelt,MT,30085,,US
2643,126,County,Rosebud,MT,30087,,US
2644,126,County,Sanders,MT,30089,,US
2645,126,County,Sheridan,MT,30091,,US
2646,126,County,Silver Bow,MT,30093,,US
2647,126,County,Stillwater,MT,30095,,US
2648,126,County,Sweet Grass,MT,30097,,US
2649,126,County,Teton,MT,30099,,US
2650,126,County,Toole,MT,30101,,US
2651,126,County,Treasure,MT,30103,,US
2652,126,County,Valley,MT,30105,,US
2653,126,County,Wheatland,MT,30107,,US
2654,126,County,Wibaux,MT,30109,,US
2655,126,County,Yellowstone,MT,30111,,US
2656,127,County,Adams,NE,31001,,US
2657,127,County,Antelope,NE,31003,,US
2658,127,County,Arthur,NE,31005,,US
2659,127,County,Banner,NE,31007,,US
2660,127,County,Blaine,NE,31009,,US
2661,127,County,Boone,NE,31011,,US
2662,127,County,Box Butte,NE,31013,,US
2663,127,County,Boyd,NE,31015,,US
2664,127,County,Brown,NE,31017,,US
2665,127,County,Buffalo,NE,31019,,US
2666,127,County,Burt,NE,31021,,US
2667,127,County,Butler,NE,31023,,US
2668,127,County,Cass,NE,31025,,US
2669,127,County,Cedar,NE,31027,,US
2670,127,County,Chase,NE,31029,,US
2671,127,County,Cherry,NE,31031,,US
2672,127,County,Cheyenne,NE,31033,,US
2673,127,County,Clay,NE,31035,,US
2674,127,County,Colfax,NE,31037,,US
2675,127,County,Cuming,NE,31039,,US
2676,127,County,Custer,NE,31041,,US
2677,127,County,Dakota,NE,31043,,US
2678,127,County,Dawes,NE,31045,,US
2679,127,County,Dawson,NE,31047,,US
2680,127,County,Deuel,NE,31049,,US
2681,127,County,Dixon,NE,31051,,US
2682,127,County,Dodge,NE,31053,,US
2683,127,County,Douglas,NE,31055,,US
2684,127,County,Dundy,NE,31057,,US
2685,127,County,Fillmore,NE,31059,,US
2686,127,County,Franklin,NE,31061,,US
2687,127,County,Frontier,NE,31063,,US
2688,127,County,Furnas,NE,31065,,US
2689,127,County,Gage,NE,31067,,US
2690,127,County,Garden,NE,31069,,US
2691,127,County,Garfield,NE,31071,,US
2692,127,County,Gosper,NE,31073,,US
2693,127,County,Grant,NE,31075,,US
2694,127,County,Greeley,NE,31077,,US
2695,127,County,Hall,NE,31079,,US
2696,127,County,Hamilton,NE,31081,,US
2697,127,County,Harlan,NE,31083,,US
2698,127,County,Hayes,NE,31085,,US
2699,127,County,Hitchcock,NE,31087,,US
2700,127,County,Holt,NE,31089,,US
2701,127,County,Hooker,NE,31091,,US
2702,127,County,Howard,NE,31093,,US
2703,127,County,Jefferson,NE,31095,,US
2704,127,County,Johnson,NE,31097,,US
2705,127,County,Kearney,NE,31099,,US
2706,127,County,Keith,NE,31101,,US
2707,127,County,Keya Paha,NE,31103,,US
2708,127,County,Kimball,NE,31105,,US
2709,127,County,Knox,NE,31107,,US
2710,127,County,Lancaster,NE,31109,,US
2711,127,County,Lincoln,NE,31111,,US
2712,127,County,Logan,NE,31113,,US
2713,127,County,Loup,NE,31115,,US
2714,127,County,McPherson,NE,31117,,US
2715,127,County,Madison,NE,31119,,US
2716,127,County,Merrick,NE,31121,,US
2717,127,County,Morrill,NE,31123,,US
2718,127,County,Nance,NE,31125,,US
2719,127,County,Nemaha,NE,31127,,US
2720,127,County,Nuckolls,NE,31129,,US
2721,127,County,Otoe,NE,31131,,US
2722,127,County,Pawnee,NE,31133,,US
2723,127,County,Perkins,NE,31135,,US
2724,127,County,Phelps,NE,31137,,US
2725,127,County,Pierce,NE,31139,,US
2726,127,County,Platte,NE,31141,,US
2727,127,County,Polk,NE,31143,,US
2728,127,County,Red Willow,NE,31145,,US
2729,127,County,Richardson,NE,31147,,US
2730,127,County,Rock,NE,31149,,US
2731,127,County,Saline,NE,31151,,US
2732,127,County,Sarpy,NE,31153,,US
2733,127,County,Saunders,NE,31155,,US
2734,127,County,Scotts Bluff,NE,31157,,US
2735,127,County,Seward,NE,31159,,US
2736,127,County,Sheridan,NE,31161,,US
2737,127,County,Sherman,NE,31163,,US
2738,127,County,Sioux,NE,31165,,US
2739,127,County,Stanton,NE,31167,,US
2740,127,County,Thayer,NE,31169,,US
2741,127,County,Thomas,NE,31171,,US
2742,127,County,Thurston,NE,31173,,US
2743,127,County,Valley,NE,31175,,US
2744,127,County,Washington,NE,31177,,US
2745,127,County,Wayne,NE,31179,,US
2746,127,County,Webster,NE,31181,,US
2747,127,County,Wheeler,NE,31183,,US
2748,127,County,York,NE,31185,,US
2749,128,County,Churchill,NV,32001,,US
2750,128,County,Clark,NV,32003,,US
2751,128,County,Douglas,NV,32005,,US
2752,128,County,Elko,NV,32007,,US
2753,128,County,Esmeralda,NV,32009,,US
2754,128,County,Eureka,NV,32011,,US
2755,128,County,Humboldt,NV,32013,,US
2756,128,County,Lander,NV,32015,,US
2757,128,County,Lincoln,NV,32017,,US
2758,128,County,Lyon,NV,32019,,US
2759,128,County,Mineral,NV,32021,,US
2760,128,County,Nye,NV,32023,,US
2761,128,County,Pershing,NV,32027,,US
2762,128,County,Storey,NV,32029,,US
2763,128,County,Washoe,NV,32031,,US
2764,128,County,White Pine,NV,32033,,US
2765,128,County,Carson City,NV,32510,,US
2766,129,County,Belknap,NH,33001,,US
2767,129,County,Carroll,NH,33003,,US
2768,129,County,Cheshire,NH,33005,,US
2769,129,County,Coos,NH,33007,,US
2770,129,County,Grafton,NH,33009,,US
2771,129,County,Hillsborough,NH,33011,,US
2772,129,County,Merrimack,NH,33013,,US
2773,129,County,Rockingham,NH,33015,,US
2774,129,County,Strafford,NH,33017,,US
2775,129,County,Sullivan,NH,33019,,US
2776,130,County,Atlantic,NJ,34001,,US
2777,130,County,Bergen,NJ,34003,,US
2778,130,County,Burlington,NJ,34005,,US
2779,130,County,Camden,NJ,34007,,US
2780,130,County,Cape May,NJ,34009,,US
2781,130,County,Cumberland,NJ,34011,,US
2782,130,County,Essex,NJ,34013,,US
2783,130,County,Gloucester,NJ,34015,,US
2784,130,County,Hudson,NJ,34017,,US
2785,130,County,Hunterdon,NJ,34019,,US
2786,130,County,Mercer,NJ,34021,,US
2787,130,County,Middlesex,NJ,34023,,US
2788,130,County,Monmouth,NJ,34025,,US
2789,130,County,Morris,NJ,34027,,US
2790,130,County,Ocean,NJ,34029,,US
2791,130,County,Passaic,NJ,34031,,US
2792,130,County,Salem,NJ,34033,,US
2793,130,County,Somerset,NJ,34035,,US
2794,130,County,Sussex,NJ,34037,,US
2795,130,County,Union,NJ,34039,,US
2796,130,County,Warren,NJ,34041,,US
2797,131,County,Bernalillo,NM,35001,,US
2798,131,County,Catron,NM,35003,,US
2799,131,County,Chaves,NM,35005,,US
2800,131,County,Cibola,NM,35006,,US
2801,131,County,Colfax,NM,35007,,US
2802,131,County,Curry,NM,35009,,US
2803,131,County,De Baca,NM,35011,,US
2804,131,County,DoÃ±a Ana,NM,35013,,US
2805,131,County,Eddy,NM,35015,,US
2806,131,County,Grant,NM,35017,,US
2807,131,County,Guadalupe,NM,35019,,US
2808,131,County,Harding,NM,35021,,US
2809,131,County,Hidalgo,NM,35023,,US
2810,131,County,Lea,NM,35025,,US
2811,131,County,Lincoln,NM,35027,,US
2812,131,County,Los Alamos,NM,35028,,US
2813,131,County,Luna,NM,35029,,US
2814,131,County,McKinley,NM,35031,,US
2815,131,County,Mora,NM,35033,,US
2816,131,County,Otero,NM,35035,,US
2817,131,County,Quay,NM,35037,,US
2818,131,County,Rio Arriba,NM,35039,,US
2819,131,County,Roosevelt,NM,35041,,US
2820,131,County,Sandoval,NM,35043,,US
2821,131,County,San Juan,NM,35045,,US
2822,131,County,San Miguel,NM,35047,,US
2823,131,County,Santa Fe,NM,35049,,US
2824,131,County,Sierra,NM,35051,,US
2825,131,County,Socorro,NM,35053,,US
2826,131,County,Taos,NM,35055,,US
2827,131,County,Torrance,NM,35057,,US
2828,131,County,Union,NM,35059,,US
2829,131,County,Valencia,NM,35061,,US
2830,132,County,Albany,NY,36001,,US
2831,132,County,Allegany,NY,36003,,US
2832,132,County,Bronx,NY,36005,,US
2833,132,County,Broome,NY,36007,,US
2834,132,County,Cattaraugus,NY,36009,,US
2835,132,County,Cayuga,NY,36011,,US
2836,132,County,Chautauqua,NY,36013,,US
2837,132,County,Chemung,NY,36015,,US
2838,132,County,Chenango,NY,36017,,US
2839,132,County,Clinton,NY,36019,,US
2840,132,County,Columbia,NY,36021,,US
2841,132,County,Cortland,NY,36023,,US
2842,132,County,Delaware,NY,36025,,US
2843,132,County,Dutchess,NY,36027,,US
2844,132,County,Erie,NY,36029,,US
2845,132,County,Essex,NY,36031,,US
2846,132,County,Franklin,NY,36033,,US
2847,132,County,Fulton,NY,36035,,US
2848,132,County,Genesee,NY,36037,,US
2849,132,County,Greene,NY,36039,,US
2850,132,County,Hamilton,NY,36041,,US
2851,132,County,Herkimer,NY,36043,,US
2852,132,County,Jefferson,NY,36045,,US
2853,132,County,Kings,NY,36047,,US
2854,132,County,Lewis,NY,36049,,US
2855,132,County,Livingston,NY,36051,,US
2856,132,County,Madison,NY,36053,,US
2857,132,County,Monroe,NY,36055,,US
2858,132,County,Montgomery,NY,36057,,US
2859,132,County,Nassau,NY,36059,,US
2860,132,County,New York,NY,36061,,US
2861,132,County,Niagara,NY,36063,,US
2862,132,County,Oneida,NY,36065,,US
2863,132,County,Onondaga,NY,36067,,US
2864,132,County,Ontario,NY,36069,,US
2865,132,County,Orange,NY,36071,,US
2866,132,County,Orleans,NY,36073,,US
2867,132,County,Oswego,NY,36075,,US
2868,132,County,Otsego,NY,36077,,US
2869,132,County,Putnam,NY,36079,,US
2870,132,County,Queens,NY,36081,,US
2871,132,County,Rensselaer,NY,36083,,US
2872,132,County,Richmond,NY,36085,,US
2873,132,County,Rockland,NY,36087,,US
2874,132,County,St. Lawrence,NY,36089,,US
2875,132,County,Saratoga,NY,36091,,US
2876,132,County,Schenectady,NY,36093,,US
2877,132,County,Schoharie,NY,36095,,US
2878,132,County,Schuyler,NY,36097,,US
2879,132,County,Seneca,NY,36099,,US
2880,132,County,Steuben,NY,36101,,US
2881,132,County,Suffolk,NY,36103,,US
2882,132,County,Sullivan,NY,36105,,US
2883,132,County,Tioga,NY,36107,,US
2884,132,County,Tompkins,NY,36109,,US
2885,132,County,Ulster,NY,36111,,US
2886,132,County,Warren,NY,36113,,US
2887,132,County,Washington,NY,36115,,US
2888,132,County,Wayne,NY,36117,,US
2889,132,County,Westchester,NY,36119,,US
2890,132,County,Wyoming,NY,36121,,US
2891,132,County,Yates,NY,36123,,US
2892,133,County,Alamance,NC,37001,,US
2893,133,County,Alexander,NC,37003,,US
2894,133,County,Alleghany,NC,37005,,US
2895,133,County,Anson,NC,37007,,US
2896,133,County,Ashe,NC,37009,,US
2897,133,County,Avery,NC,37011,,US
2898,133,County,Beaufort,NC,37013,,US
2899,133,County,Bertie,NC,37015,,US
2900,133,County,Bladen,NC,37017,,US
2901,133,County,Brunswick,NC,37019,,US
2902,133,County,Buncombe,NC,37021,,US
2903,133,County,Burke,NC,37023,,US
2904,133,County,Cabarrus,NC,37025,,US
2905,133,County,Caldwell,NC,37027,,US
2906,133,County,Camden,NC,37029,,US
2907,133,County,Carteret,NC,37031,,US
2908,133,County,Caswell,NC,37033,,US
2909,133,County,Catawba,NC,37035,,US
2910,133,County,Chatham,NC,37037,,US
2911,133,County,Cherokee,NC,37039,,US
2912,133,County,Chowan,NC,37041,,US
2913,133,County,Clay,NC,37043,,US
2914,133,County,Cleveland,NC,37045,,US
2915,133,County,Columbus,NC,37047,,US
2916,133,County,Craven,NC,37049,,US
2917,133,County,Cumberland,NC,37051,,US
2918,133,County,Currituck,NC,37053,,US
2919,133,County,Dare,NC,37055,,US
2920,133,County,Davidson,NC,37057,,US
2921,133,County,Davie,NC,37059,,US
2922,133,County,Duplin,NC,37061,,US
2923,133,County,Durham,NC,37063,,US
2924,133,County,Edgecombe,NC,37065,,US
2925,133,County,Forsyth,NC,37067,,US
2926,133,County,Franklin,NC,37069,,US
2927,133,County,Gaston,NC,37071,,US
2928,133,County,Gates,NC,37073,,US
2929,133,County,Graham,NC,37075,,US
2930,133,County,Granville,NC,37077,,US
2931,133,County,Greene,NC,37079,,US
2932,133,County,Guilford,NC,37081,,US
2933,133,County,Halifax,NC,37083,,US
2934,133,County,Harnett,NC,37085,,US
2935,133,County,Haywood,NC,37087,,US
2936,133,County,Henderson,NC,37089,,US
2937,133,County,Hertford,NC,37091,,US
2938,133,County,Hoke,NC,37093,,US
2939,133,County,Hyde,NC,37095,,US
2940,133,County,Iredell,NC,37097,,US
2941,133,County,Jackson,NC,37099,,US
2942,133,County,Johnston,NC,37101,,US
2943,133,County,Jones,NC,37103,,US
2944,133,County,Lee,NC,37105,,US
2945,133,County,Lenoir,NC,37107,,US
2946,133,County,Lincoln,NC,37109,,US
2947,133,County,McDowell,NC,37111,,US
2948,133,County,Macon,NC,37113,,US
2949,133,County,Madison,NC,37115,,US
2950,133,County,Martin,NC,37117,,US
2951,133,County,Mecklenburg,NC,37119,,US
2952,133,County,Mitchell,NC,37121,,US
2953,133,County,Montgomery,NC,37123,,US
2954,133,County,Moore,NC,37125,,US
2955,133,County,Nash,NC,37127,,US
2956,133,County,New Hanover,NC,37129,,US
2957,133,County,Northampton,NC,37131,,US
2958,133,County,Onslow,NC,37133,,US
2959,133,County,Orange,NC,37135,,US
2960,133,County,Pamlico,NC,37137,,US
2961,133,County,Pasquotank,NC,37139,,US
2962,133,County,Pender,NC,37141,,US
2963,133,County,Perquimans,NC,37143,,US
2964,133,County,Person,NC,37145,,US
2965,133,County,Pitt,NC,37147,,US
2966,133,County,Polk,NC,37149,,US
2967,133,County,Randolph,NC,37151,,US
2968,133,County,Richmond,NC,37153,,US
2969,133,County,Robeson,NC,37155,,US
2970,133,County,Rockingham,NC,37157,,US
2971,133,County,Rowan,NC,37159,,US
2972,133,County,Rutherford,NC,37161,,US
2973,133,County,Sampson,NC,37163,,US
2974,133,County,Scotland,NC,37165,,US
2975,133,County,Stanly,NC,37167,,US
2976,133,County,Stokes,NC,37169,,US
2977,133,County,Surry,NC,37171,,US
2978,133,County,Swain,NC,37173,,US
2979,133,County,Transylvania,NC,37175,,US
2980,133,County,Tyrrell,NC,37177,,US
2981,133,County,Union,NC,37179,,US
2982,133,County,Vance,NC,37181,,US
2983,133,County,Wake,NC,37183,,US
2984,133,County,Warren,NC,37185,,US
2985,133,County,Washington,NC,37187,,US
2986,133,County,Watauga,NC,37189,,US
2987,133,County,Wayne,NC,37191,,US
2988,133,County,Wilkes,NC,37193,,US
2989,133,County,Wilson,NC,37195,,US
2990,133,County,Yadkin,NC,37197,,US
2991,133,County,Yancey,NC,37199,,US
2992,134,County,Adams,ND,38001,,US
2993,134,County,Barnes,ND,38003,,US
2994,134,County,Benson,ND,38005,,US
2995,134,County,Billings,ND,38007,,US
2996,134,County,Bottineau,ND,38009,,US
2997,134,County,Bowman,ND,38011,,US
2998,134,County,Burke,ND,38013,,US
2999,134,County,Burleigh,ND,38015,,US
3000,134,County,Cass,ND,38017,,US
3001,134,County,Cavalier,ND,38019,,US
3002,134,County,Dickey,ND,38021,,US
3003,134,County,Divide,ND,38023,,US
3004,134,County,Dunn,ND,38025,,US
3005,134,County,Eddy,ND,38027,,US
3006,134,County,Emmons,ND,38029,,US
3007,134,County,Foster,ND,38031,,US
3008,134,County,Golden Valley,ND,38033,,US
3009,134,County,Grand Forks,ND,38035,,US
3010,134,County,Grant,ND,38037,,US
3011,134,County,Griggs,ND,38039,,US
3012,134,County,Hettinger,ND,38041,,US
3013,134,County,Kidder,ND,38043,,US
3014,134,County,LaMoure,ND,38045,,US
3015,134,County,Logan,ND,38047,,US
3016,134,County,McHenry,ND,38049,,US
3017,134,County,McIntosh,ND,38051,,US
3018,134,County,McKenzie,ND,38053,,US
3019,134,County,McLean,ND,38055,,US
3020,134,County,Mercer,ND,38057,,US
3021,134,County,Morton,ND,38059,,US
3022,134,County,Mountrail,ND,38061,,US
3023,134,County,Nelson,ND,38063,,US
3024,134,County,Oliver,ND,38065,,US
3025,134,County,Pembina,ND,38067,,US
3026,134,County,Pierce,ND,38069,,US
3027,134,County,Ramsey,ND,38071,,US
3028,134,County,Ransom,ND,38073,,US
3029,134,County,Renville,ND,38075,,US
3030,134,County,Richland,ND,38077,,US
3031,134,County,Rolette,ND,38079,,US
3032,134,County,Sargent,ND,38081,,US
3033,134,County,Sheridan,ND,38083,,US
3034,134,County,Sioux,ND,38085,,US
3035,134,County,Slope,ND,38087,,US
3036,134,County,Stark,ND,38089,,US
3037,134,County,Steele,ND,38091,,US
3038,134,County,Stutsman,ND,38093,,US
3039,134,County,Towner,ND,38095,,US
3040,134,County,Traill,ND,38097,,US
3041,134,County,Walsh,ND,38099,,US
3042,134,County,Ward,ND,38101,,US
3043,134,County,Wells,ND,38103,,US
3044,134,County,Williams,ND,38105,,US
3045,135,County,Adams,OH,39001,,US
3046,135,County,Allen,OH,39003,,US
3047,135,County,Ashland,OH,39005,,US
3048,135,County,Ashtabula,OH,39007,,US
3049,135,County,Athens,OH,39009,,US
3050,135,County,Auglaize,OH,39011,,US
3051,135,County,Belmont,OH,39013,,US
3052,135,County,Brown,OH,39015,,US
3053,135,County,Butler,OH,39017,,US
3054,135,County,Carroll,OH,39019,,US
3055,135,County,Champaign,OH,39021,,US
3056,135,County,Clark,OH,39023,,US
3057,135,County,Clermont,OH,39025,,US
3058,135,County,Clinton,OH,39027,,US
3059,135,County,Columbiana,OH,39029,,US
3060,135,County,Coshocton,OH,39031,,US
3061,135,County,Crawford,OH,39033,,US
3062,135,County,Cuyahoga,OH,39035,,US
3063,135,County,Darke,OH,39037,,US
3064,135,County,Defiance,OH,39039,,US
3065,135,County,Delaware,OH,39041,,US
3066,135,County,Erie,OH,39043,,US
3067,135,County,Fairfield,OH,39045,,US
3068,135,County,Fayette,OH,39047,,US
3069,135,County,Franklin,OH,39049,,US
3070,135,County,Fulton,OH,39051,,US
3071,135,County,Gallia,OH,39053,,US
3072,135,County,Geauga,OH,39055,,US
3073,135,County,Greene,OH,39057,,US
3074,135,County,Guernsey,OH,39059,,US
3075,135,County,Hamilton,OH,39061,,US
3076,135,County,Hancock,OH,39063,,US
3077,135,County,Hardin,OH,39065,,US
3078,135,County,Harrison,OH,39067,,US
3079,135,County,Henry,OH,39069,,US
3080,135,County,Highland,OH,39071,,US
3081,135,County,Hocking,OH,39073,,US
3082,135,County,Holmes,OH,39075,,US
3083,135,County,Huron,OH,39077,,US
3084,135,County,Jackson,OH,39079,,US
3085,135,County,Jefferson,OH,39081,,US
3086,135,County,Knox,OH,39083,,US
3087,135,County,Lake,OH,39085,,US
3088,135,County,Lawrence,OH,39087,,US
3089,135,County,Licking,OH,39089,,US
3090,135,County,Logan,OH,39091,,US
3091,135,County,Lorain,OH,39093,,US
3092,135,County,Lucas,OH,39095,,US
3093,135,County,Madison,OH,39097,,US
3094,135,County,Mahoning,OH,39099,,US
3095,135,County,Marion,OH,39101,,US
3096,135,County,Medina,OH,39103,,US
3097,135,County,Meigs,OH,39105,,US
3098,135,County,Mercer,OH,39107,,US
3099,135,County,Miami,OH,39109,,US
3100,135,County,Monroe,OH,39111,,US
3101,135,County,Montgomery,OH,39113,,US
3102,135,County,Morgan,OH,39115,,US
3103,135,County,Morrow,OH,39117,,US
3104,135,County,Muskingum,OH,39119,,US
3105,135,County,Noble,OH,39121,,US
3106,135,County,Ottawa,OH,39123,,US
3107,135,County,Paulding,OH,39125,,US
3108,135,County,Perry,OH,39127,,US
3109,135,County,Pickaway,OH,39129,,US
3110,135,County,Pike,OH,39131,,US
3111,135,County,Portage,OH,39133,,US
3112,135,County,Preble,OH,39135,,US
3113,135,County,Putnam,OH,39137,,US
3114,135,County,Richland,OH,39139,,US
3115,135,County,Ross,OH,39141,,US
3116,135,County,Sandusky,OH,39143,,US
3117,135,County,Scioto,OH,39145,,US
3118,135,County,Seneca,OH,39147,,US
3119,135,County,Shelby,OH,39149,,US
3120,135,County,Stark,OH,39151,,US
3121,135,County,Summit,OH,39153,,US
3122,135,County,Trumbull,OH,39155,,US
3123,135,County,Tuscarawas,OH,39157,,US
3124,135,County,Union,OH,39159,,US
3125,135,County,Van Wert,OH,39161,,US
3126,135,County,Vinton,OH,39163,,US
3127,135,County,Warren,OH,39165,,US
3128,135,County,Washington,OH,39167,,US
3129,135,County,Wayne,OH,39169,,US
3130,135,County,Williams,OH,39171,,US
3131,135,County,Wood,OH,39173,,US
3132,135,County,Wyandot,OH,39175,,US
3133,136,County,Adair,OK,40001,,US
3134,136,County,Alfalfa,OK,40003,,US
3135,136,County,Atoka,OK,40005,,US
3136,136,County,Beaver,OK,40007,,US
3137,136,County,Beckham,OK,40009,,US
3138,136,County,Blaine,OK,40011,,US
3139,136,County,Bryan,OK,40013,,US
3140,136,County,Caddo,OK,40015,,US
3141,136,County,Canadian,OK,40017,,US
3142,136,County,Carter,OK,40019,,US
3143,136,County,Cherokee,OK,40021,,US
3144,136,County,Choctaw,OK,40023,,US
3145,136,County,Cimarron,OK,40025,,US
3146,136,County,Cleveland,OK,40027,,US
3147,136,County,Coal,OK,40029,,US
3148,136,County,Comanche,OK,40031,,US
3149,136,County,Cotton,OK,40033,,US
3150,136,County,Craig,OK,40035,,US
3151,136,County,Creek,OK,40037,,US
3152,136,County,Custer,OK,40039,,US
3153,136,County,Delaware,OK,40041,,US
3154,136,County,Dewey,OK,40043,,US
3155,136,County,Ellis,OK,40045,,US
3156,136,County,Garfield,OK,40047,,US
3157,136,County,Garvin,OK,40049,,US
3158,136,County,Grady,OK,40051,,US
3159,136,County,Grant,OK,40053,,US
3160,136,County,Greer,OK,40055,,US
3161,136,County,Harmon,OK,40057,,US
3162,136,County,Harper,OK,40059,,US
3163,136,County,Haskell,OK,40061,,US
3164,136,County,Hughes,OK,40063,,US
3165,136,County,Jackson,OK,40065,,US
3166,136,County,Jefferson,OK,40067,,US
3167,136,County,Johnston,OK,40069,,US
3168,136,County,Kay,OK,40071,,US
3169,136,County,Kingfisher,OK,40073,,US
3170,136,County,Kiowa,OK,40075,,US
3171,136,County,Latimer,OK,40077,,US
3172,136,County,Le Flore,OK,40079,,US
3173,136,County,Lincoln,OK,40081,,US
3174,136,County,Logan,OK,40083,,US
3175,136,County,Love,OK,40085,,US
3176,136,County,McClain,OK,40087,,US
3177,136,County,McCurtain,OK,40089,,US
3178,136,County,McIntosh,OK,40091,,US
3179,136,County,Major,OK,40093,,US
3180,136,County,Marshall,OK,40095,,US
3181,136,County,Mayes,OK,40097,,US
3182,136,County,Murray,OK,40099,,US
3183,136,County,Muskogee,OK,40101,,US
3184,136,County,Noble,OK,40103,,US
3185,136,County,Nowata,OK,40105,,US
3186,136,County,Okfuskee,OK,40107,,US
3187,136,County,Oklahoma,OK,40109,,US
3188,136,County,Okmulgee,OK,40111,,US
3189,136,County,Osage,OK,40113,,US
3190,136,County,Ottawa,OK,40115,,US
3191,136,County,Pawnee,OK,40117,,US
3192,136,County,Payne,OK,40119,,US
3193,136,County,Pittsburg,OK,40121,,US
3194,136,County,Pontotoc,OK,40123,,US
3195,136,County,Pottawatomie,OK,40125,,US
3196,136,County,Pushmataha,OK,40127,,US
3197,136,County,Roger Mills,OK,40129,,US
3198,136,County,Rogers,OK,40131,,US
3199,136,County,Seminole,OK,40133,,US
3200,136,County,Sequoyah,OK,40135,,US
3201,136,County,Stephens,OK,40137,,US
3202,136,County,Texas,OK,40139,,US
3203,136,County,Tillman,OK,40141,,US
3204,136,County,Tulsa,OK,40143,,US
3205,136,County,Wagoner,OK,40145,,US
3206,136,County,Washington,OK,40147,,US
3207,136,County,Washita,OK,40149,,US
3208,136,County,Woods,OK,40151,,US
3209,136,County,Woodward,OK,40153,,US
3210,137,County,Baker,OR,41001,,US
3211,137,County,Benton,OR,41003,,US
3212,137,County,Clackamas,OR,41005,,US
3213,137,County,Clatsop,OR,41007,,US
3214,137,County,Columbia,OR,41009,,US
3215,137,County,Coos,OR,41011,,US
3216,137,County,Crook,OR,41013,,US
3217,137,County,Curry,OR,41015,,US
3218,137,County,Deschutes,OR,41017,,US
3219,137,County,Douglas,OR,41019,,US
3220,137,County,Gilliam,OR,41021,,US
3221,137,County,Grant,OR,41023,,US
3222,137,County,Harney,OR,41025,,US
3223,137,County,Hood River,OR,41027,,US
3224,137,County,Jackson,OR,41029,,US
3225,137,County,Jefferson,OR,41031,,US
3226,137,County,Josephine,OR,41033,,US
3227,137,County,Klamath,OR,41035,,US
3228,137,County,Lake,OR,41037,,US
3229,137,County,Lane,OR,41039,,US
3230,137,County,Lincoln,OR,41041,,US
3231,137,County,Linn,OR,41043,,US
3232,137,County,Malheur,OR,41045,,US
3233,137,County,Marion,OR,41047,,US
3234,137,County,Morrow,OR,41049,,US
3235,137,County,Multnomah,OR,41051,,US
3236,137,County,Polk,OR,41053,,US
3237,137,County,Sherman,OR,41055,,US
3238,137,County,Tillamook,OR,41057,,US
3239,137,County,Umatilla,OR,41059,,US
3240,137,County,Union,OR,41061,,US
3241,137,County,Wallowa,OR,41063,,US
3242,137,County,Wasco,OR,41065,,US
3243,137,County,Washington,OR,41067,,US
3244,137,County,Wheeler,OR,41069,,US
3245,137,County,Yamhill,OR,41071,,US
3246,138,County,Adams,PA,42001,,US
3247,138,County,Allegheny,PA,42003,,US
3248,138,County,Armstrong,PA,42005,,US
3249,138,County,Beaver,PA,42007,,US
3250,138,County,Bedford,PA,42009,,US
3251,138,County,Berks,PA,42011,,US
3252,138,County,Blair,PA,42013,,US
3253,138,County,Bradford,PA,42015,,US
3254,138,County,Bucks,PA,42017,,US
3255,138,County,Butler,PA,42019,,US
3256,138,County,Cambria,PA,42021,,US
3257,138,County,Cameron,PA,42023,,US
3258,138,County,Carbon,PA,42025,,US
3259,138,County,Centre,PA,42027,,US
3260,138,County,Chester,PA,42029,,US
3261,138,County,Clarion,PA,42031,,US
3262,138,County,Clearfield,PA,42033,,US
3263,138,County,Clinton,PA,42035,,US
3264,138,County,Columbia,PA,42037,,US
3265,138,County,Crawford,PA,42039,,US
3266,138,County,Cumberland,PA,42041,,US
3267,138,County,Dauphin,PA,42043,,US
3268,138,County,Delaware,PA,42045,,US
3269,138,County,Elk,PA,42047,,US
3270,138,County,Erie,PA,42049,,US
3271,138,County,Fayette,PA,42051,,US
3272,138,County,Forest,PA,42053,,US
3273,138,County,Franklin,PA,42055,,US
3274,138,County,Fulton,PA,42057,,US
3275,138,County,Greene,PA,42059,,US
3276,138,County,Huntingdon,PA,42061,,US
3277,138,County,Indiana,PA,42063,,US
3278,138,County,Jefferson,PA,42065,,US
3279,138,County,Juniata,PA,42067,,US
3280,138,County,Lackawanna,PA,42069,,US
3281,138,County,Lancaster,PA,42071,,US
3282,138,County,Lawrence,PA,42073,,US
3283,138,County,Lebanon,PA,42075,,US
3284,138,County,Lehigh,PA,42077,,US
3285,138,County,Luzerne,PA,42079,,US
3286,138,County,Lycoming,PA,42081,,US
3287,138,County,McKean,PA,42083,,US
3288,138,County,Mercer,PA,42085,,US
3289,138,County,Mifflin,PA,42087,,US
3290,138,County,Monroe,PA,42089,,US
3291,138,County,Montgomery,PA,42091,,US
3292,138,County,Montour,PA,42093,,US
3293,138,County,Northampton,PA,42095,,US
3294,138,County,Northumberland,PA,42097,,US
3295,138,County,Perry,PA,42099,,US
3296,138,County,Philadelphia,PA,42101,,US
3297,138,County,Pike,PA,42103,,US
3298,138,County,Potter,PA,42105,,US
3299,138,County,Schuylkill,PA,42107,,US
3300,138,County,Snyder,PA,42109,,US
3301,138,County,Somerset,PA,42111,,US
3302,138,County,Sullivan,PA,42113,,US
3303,138,County,Susquehanna,PA,42115,,US
3304,138,County,Tioga,PA,42117,,US
3305,138,County,Union,PA,42119,,US
3306,138,County,Venango,PA,42121,,US
3307,138,County,Warren,PA,42123,,US
3308,138,County,Washington,PA,42125,,US
3309,138,County,Wayne,PA,42127,,US
3310,138,County,Westmoreland,PA,42129,,US
3311,138,County,Wyoming,PA,42131,,US
3312,138,County,York,PA,42133,,US
3313,139,County,Bristol,RI,44001,,US
3314,139,County,Kent,RI,44003,,US
3315,139,County,Newport,RI,44005,,US
3316,139,County,Providence,RI,44007,,US
3317,139,County,Washington,RI,44009,,US
3318,140,County,Abbeville,SC,45001,,US
3319,140,County,Aiken,SC,45003,,US
3320,140,County,Allendale,SC,45005,,US
3321,140,County,Anderson,SC,45007,,US
3322,140,County,Bamberg,SC,45009,,US
3323,140,County,Barnwell,SC,45011,,US
3324,140,County,Beaufort,SC,45013,,US
3325,140,County,Berkeley,SC,45015,,US
3326,140,County,Calhoun,SC,45017,,US
3327,140,County,Charleston,SC,45019,,US
3328,140,County,Cherokee,SC,45021,,US
3329,140,County,Chester,SC,45023,,US
3330,140,County,Chesterfield,SC,45025,,US
3331,140,County,Clarendon,SC,45027,,US
3332,140,County,Colleton,SC,45029,,US
3333,140,County,Darlington,SC,45031,,US
3334,140,County,Dillon,SC,45033,,US
3335,140,County,Dorchester,SC,45035,,US
3336,140,County,Edgefield,SC,45037,,US
3337,140,County,Fairfield,SC,45039,,US
3338,140,County,Florence,SC,45041,,US
3339,140,County,Georgetown,SC,45043,,US
3340,140,County,Greenville,SC,45045,,US
3341,140,County,Greenwood,SC,45047,,US
3342,140,County,Hampton,SC,45049,,US
3343,140,County,Horry,SC,45051,,US
3344,140,County,Jasper,SC,45053,,US
3345,140,County,Kershaw,SC,45055,,US
3346,140,County,Lancaster,SC,45057,,US
3347,140,County,Laurens,SC,45059,,US
3348,140,County,Lee,SC,45061,,US
3349,140,County,Lexington,SC,45063,,US
3350,140,County,McCormick,SC,45065,,US
3351,140,County,Marion,SC,45067,,US
3352,140,County,Marlboro,SC,45069,,US
3353,140,County,Newberry,SC,45071,,US
3354,140,County,Oconee,SC,45073,,US
3355,140,County,Orangeburg,SC,45075,,US
3356,140,County,Pickens,SC,45077,,US
3357,140,County,Richland,SC,45079,,US
3358,140,County,Saluda,SC,45081,,US
3359,140,County,Spartanburg,SC,45083,,US
3360,140,County,Sumter,SC,45085,,US
3361,140,County,Union,SC,45087,,US
3362,140,County,Williamsburg,SC,45089,,US
3363,140,County,York,SC,45091,,US
3364,141,County,Aurora,SD,46003,,US
3365,141,County,Beadle,SD,46005,,US
3366,141,County,Bennett,SD,46007,,US
3367,141,County,Bon Homme,SD,46009,,US
3368,141,County,Brookings,SD,46011,,US
3369,141,County,Brown,SD,46013,,US
3370,141,County,Brule,SD,46015,,US
3371,141,County,Buffalo,SD,46017,,US
3372,141,County,Butte,SD,46019,,US
3373,141,County,Campbell,SD,46021,,US
3374,141,County,Charles Mix,SD,46023,,US
3375,141,County,Clark,SD,46025,,US
3376,141,County,Clay,SD,46027,,US
3377,141,County,Codington,SD,46029,,US
3378,141,County,Corson,SD,46031,,US
3379,141,County,Custer,SD,46033,,US
3380,141,County,Davison,SD,46035,,US
3381,141,County,Day,SD,46037,,US
3382,141,County,Deuel,SD,46039,,US
3383,141,County,Dewey,SD,46041,,US
3384,141,County,Douglas,SD,46043,,US
3385,141,County,Edmunds,SD,46045,,US
3386,141,County,Fall River,SD,46047,,US
3387,141,County,Faulk,SD,46049,,US
3388,141,County,Grant,SD,46051,,US
3389,141,County,Gregory,SD,46053,,US
3390,141,County,Haakon,SD,46055,,US
3391,141,County,Hamlin,SD,46057,,US
3392,141,County,Hand,SD,46059,,US
3393,141,County,Hanson,SD,46061,,US
3394,141,County,Harding,SD,46063,,US
3395,141,County,Hughes,SD,46065,,US
3396,141,County,Hutchinson,SD,46067,,US
3397,141,County,Hyde,SD,46069,,US
3398,141,County,Jackson,SD,46071,,US
3399,141,County,Jerauld,SD,46073,,US
3400,141,County,Jones,SD,46075,,US
3401,141,County,Kingsbury,SD,46077,,US
3402,141,County,Lake,SD,46079,,US
3403,141,County,Lawrence,SD,46081,,US
3404,141,County,Lincoln,SD,46083,,US
3405,141,County,Lyman,SD,46085,,US
3406,141,County,McCook,SD,46087,,US
3407,141,County,McPherson,SD,46089,,US
3408,141,County,Marshall,SD,46091,,US
3409,141,County,Meade,SD,46093,,US
3410,141,County,Mellette,SD,46095,,US
3411,141,County,Miner,SD,46097,,US
3412,141,County,Minnehaha,SD,46099,,US
3413,141,County,Moody,SD,46101,,US
3414,141,County,Oglala Lakota,SD,46102,,US
3415,141,County,Pennington,SD,46103,,US
3416,141,County,Perkins,SD,46105,,US
3417,141,County,Potter,SD,46107,,US
3418,141,County,Roberts,SD,46109,,US
3419,141,County,Sanborn,SD,46111,,US
3420,141,County,Spink,SD,46115,,US
3421,141,County,Stanley,SD,46117,,US
3422,141,County,Sully,SD,46119,,US
3423,141,County,Todd,SD,46121,,US
3424,141,County,Tripp,SD,46123,,US
3425,141,County,Turner,SD,46125,,US
3426,141,County,Union,SD,46127,,US
3427,141,County,Walworth,SD,46129,,US
3428,141,County,Yankton,SD,46135,,US
3429,141,County,Ziebach,SD,46137,,US
3430,142,County,Anderson,TN,47001,,US
3431,142,County,Bedford,TN,47003,,US
3432,142,County,Benton,TN,47005,,US
3433,142,County,Bledsoe,TN,47007,,US
3434,142,County,Blount,TN,47009,,US
3435,142,County,Bradley,TN,47011,,US
3436,142,County,Campbell,TN,47013,,US
3437,142,County,Cannon,TN,47015,,US
3438,142,County,Carroll,TN,47017,,US
3439,142,County,Carter,TN,47019,,US
3440,142,County,Cheatham,TN,47021,,US
3441,142,County,Chester,TN,47023,,US
3442,142,County,Claiborne,TN,47025,,US
3443,142,County,Clay,TN,47027,,US
3444,142,County,Cocke,TN,47029,,US
3445,142,County,Coffee,TN,47031,,US
3446,142,County,Crockett,TN,47033,,US
3447,142,County,Cumberland,TN,47035,,US
3448,142,County,Davidson,TN,47037,,US
3449,142,County,Decatur,TN,47039,,US
3450,142,County,DeKalb,TN,47041,,US
3451,142,County,Dickson,TN,47043,,US
3452,142,County,Dyer,TN,47045,,US
3453,142,County,Fayette,TN,47047,,US
3454,142,County,Fentress,TN,47049,,US
3455,142,County,Franklin,TN,47051,,US
3456,142,County,Gibson,TN,47053,,US
3457,142,County,Giles,TN,47055,,US
3458,142,County,Grainger,TN,47057,,US
3459,142,County,Greene,TN,47059,,US
3460,142,County,Grundy,TN,47061,,US
3461,142,County,Hamblen,TN,47063,,US
3462,142,County,Hamilton,TN,47065,,US
3463,142,County,Hancock,TN,47067,,US
3464,142,County,Hardeman,TN,47069,,US
3465,142,County,Hardin,TN,47071,,US
3466,142,County,Hawkins,TN,47073,,US
3467,142,County,Haywood,TN,47075,,US
3468,142,County,Henderson,TN,47077,,US
3469,142,County,Henry,TN,47079,,US
3470,142,County,Hickman,TN,47081,,US
3471,142,County,Houston,TN,47083,,US
3472,142,County,Humphreys,TN,47085,,US
3473,142,County,Jackson,TN,47087,,US
3474,142,County,Jefferson,TN,47089,,US
3475,142,County,Johnson,TN,47091,,US
3476,142,County,Knox,TN,47093,,US
3477,142,County,Lake,TN,47095,,US
3478,142,County,Lauderdale,TN,47097,,US
3479,142,County,Lawrence,TN,47099,,US
3480,142,County,Lewis,TN,47101,,US
3481,142,County,Lincoln,TN,47103,,US
3482,142,County,Loudon,TN,47105,,US
3483,142,County,McMinn,TN,47107,,US
3484,142,County,McNairy,TN,47109,,US
3485,142,County,Macon,TN,47111,,US
3486,142,County,Madison,TN,47113,,US
3487,142,County,Marion,TN,47115,,US
3488,142,County,Marshall,TN,47117,,US
3489,142,County,Maury,TN,47119,,US
3490,142,County,Meigs,TN,47121,,US
3491,142,County,Monroe,TN,47123,,US
3492,142,County,Montgomery,TN,47125,,US
3493,142,County,Moore,TN,47127,,US
3494,142,County,Morgan,TN,47129,,US
3495,142,County,Obion,TN,47131,,US
3496,142,County,Overton,TN,47133,,US
3497,142,County,Perry,TN,47135,,US
3498,142,County,Pickett,TN,47137,,US
3499,142,County,Polk,TN,47139,,US
3500,142,County,Putnam,TN,47141,,US
3501,142,County,Rhea,TN,47143,,US
3502,142,County,Roane,TN,47145,,US
3503,142,County,Robertson,TN,47147,,US
3504,142,County,Rutherford,TN,47149,,US
3505,142,County,Scott,TN,47151,,US
3506,142,County,Sequatchie,TN,47153,,US
3507,142,County,Sevier,TN,47155,,US
3508,142,County,Shelby,TN,47157,,US
3509,142,County,Smith,TN,47159,,US
3510,142,County,Stewart,TN,47161,,US
3511,142,County,Sullivan,TN,47163,,US
3512,142,County,Sumner,TN,47165,,US
3513,142,County,Tipton,TN,47167,,US
3514,142,County,Trousdale,TN,47169,,US
3515,142,County,Unicoi,TN,47171,,US
3516,142,County,Union,TN,47173,,US
3517,142,County,Van Buren,TN,47175,,US
3518,142,County,Warren,TN,47177,,US
3519,142,County,Washington,TN,47179,,US
3520,142,County,Wayne,TN,47181,,US
3521,142,County,Weakley,TN,47183,,US
3522,142,County,White,TN,47185,,US
3523,142,County,Williamson,TN,47187,,US
3524,142,County,Wilson,TN,47189,,US
3525,143,County,Anderson,TX,48001,,US
3526,143,County,Andrews,TX,48003,,US
3527,143,County,Angelina,TX,48005,,US
3528,143,County,Aransas,TX,48007,,US
3529,143,County,Archer,TX,48009,,US
3530,143,County,Armstrong,TX,48011,,US
3531,143,County,Atascosa,TX,48013,,US
3532,143,County,Austin,TX,48015,,US
3533,143,County,Bailey,TX,48017,,US
3534,143,County,Bandera,TX,48019,,US
3535,143,County,Bastrop,TX,48021,,US
3536,143,County,Baylor,TX,48023,,US
3537,143,County,Bee,TX,48025,,US
3538,143,County,Bell,TX,48027,,US
3539,143,County,Bexar,TX,48029,,US
3540,143,County,Blanco,TX,48031,,US
3541,143,County,Borden,TX,48033,,US
3542,143,County,Bosque,TX,48035,,US
3543,143,County,Bowie,TX,48037,,US
3544,143,County,Brazoria,TX,48039,,US
3545,143,County,Brazos,TX,48041,,US
3546,143,County,Brewster,TX,48043,,US
3547,143,County,Briscoe,TX,48045,,US
3548,143,County,Brooks,TX,48047,,US
3549,143,County,Brown,TX,48049,,US
3550,143,County,Burleson,TX,48051,,US
3551,143,County,Burnet,TX,48053,,US
3552,143,County,Caldwell,TX,48055,,US
3553,143,County,Calhoun,TX,48057,,US
3554,143,County,Callahan,TX,48059,,US
3555,143,County,Cameron,TX,48061,,US
3556,143,County,Camp,TX,48063,,US
3557,143,County,Carson,TX,48065,,US
3558,143,County,Cass,TX,48067,,US
3559,143,County,Castro,TX,48069,,US
3560,143,County,Chambers,TX,48071,,US
3561,143,County,Cherokee,TX,48073,,US
3562,143,County,Childress,TX,48075,,US
3563,143,County,Clay,TX,48077,,US
3564,143,County,Cochran,TX,48079,,US
3565,143,County,Coke,TX,48081,,US
3566,143,County,Coleman,TX,48083,,US
3567,143,County,Collin,TX,48085,,US
3568,143,County,Collingsworth,TX,48087,,US
3569,143,County,Colorado,TX,48089,,US
3570,143,County,Comal,TX,48091,,US
3571,143,County,Comanche,TX,48093,,US
3572,143,County,Concho,TX,48095,,US
3573,143,County,Cooke,TX,48097,,US
3574,143,County,Coryell,TX,48099,,US
3575,143,County,Cottle,TX,48101,,US
3576,143,County,Crane,TX,48103,,US
3577,143,County,Crockett,TX,48105,,US
3578,143,County,Crosby,TX,48107,,US
3579,143,County,Culberson,TX,48109,,US
3580,143,County,Dallam,TX,48111,,US
3581,143,County,Dallas,TX,48113,,US
3582,143,County,Dawson,TX,48115,,US
3583,143,County,Deaf Smith,TX,48117,,US
3584,143,County,Delta,TX,48119,,US
3585,143,County,Denton,TX,48121,,US
3586,143,County,DeWitt,TX,48123,,US
3587,143,County,Dickens,TX,48125,,US
3588,143,County,Dimmit,TX,48127,,US
3589,143,County,Donley,TX,48129,,US
3590,143,County,Duval,TX,48131,,US
3591,143,County,Eastland,TX,48133,,US
3592,143,County,Ector,TX,48135,,US
3593,143,County,Edwards,TX,48137,,US
3594,143,County,Ellis,TX,48139,,US
3595,143,County,El Paso,TX,48141,,US
3596,143,County,Erath,TX,48143,,US
3597,143,County,Falls,TX,48145,,US
3598,143,County,Fannin,TX,48147,,US
3599,143,County,Fayette,TX,48149,,US
3600,143,County,Fisher,TX,48151,,US
3601,143,County,Floyd,TX,48153,,US
3602,143,County,Foard,TX,48155,,US
3603,143,County,Fort Bend,TX,48157,,US
3604,143,County,Franklin,TX,48159,,US
3605,143,County,Freestone,TX,48161,,US
3606,143,County,Frio,TX,48163,,US
3607,143,County,Gaines,TX,48165,,US
3608,143,County,Galveston,TX,48167,,US
3609,143,County,Garza,TX,48169,,US
3610,143,County,Gillespie,TX,48171,,US
3611,143,County,Glasscock,TX,48173,,US
3612,143,County,Goliad,TX,48175,,US
3613,143,County,Gonzales,TX,48177,,US
3614,143,County,Gray,TX,48179,,US
3615,143,County,Grayson,TX,48181,,US
3616,143,County,Gregg,TX,48183,,US
3617,143,County,Grimes,TX,48185,,US
3618,143,County,Guadalupe,TX,48187,,US
3619,143,County,Hale,TX,48189,,US
3620,143,County,Hall,TX,48191,,US
3621,143,County,Hamilton,TX,48193,,US
3622,143,County,Hansford,TX,48195,,US
3623,143,County,Hardeman,TX,48197,,US
3624,143,County,Hardin,TX,48199,,US
3625,143,County,Harris,TX,48201,,US
3626,143,County,Harrison,TX,48203,,US
3627,143,County,Hartley,TX,48205,,US
3628,143,County,Haskell,TX,48207,,US
3629,143,County,Hays,TX,48209,,US
3630,143,County,Hemphill,TX,48211,,US
3631,143,County,Henderson,TX,48213,,US
3632,143,County,Hidalgo,TX,48215,,US
3633,143,County,Hill,TX,48217,,US
3634,143,County,Hockley,TX,48219,,US
3635,143,County,Hood,TX,48221,,US
3636,143,County,Hopkins,TX,48223,,US
3637,143,County,Houston,TX,48225,,US
3638,143,County,Howard,TX,48227,,US
3639,143,County,Hudspeth,TX,48229,,US
3640,143,County,Hunt,TX,48231,,US
3641,143,County,Hutchinson,TX,48233,,US
3642,143,County,Irion,TX,48235,,US
3643,143,County,Jack,TX,48237,,US
3644,143,County,Jackson,TX,48239,,US
3645,143,County,Jasper,TX,48241,,US
3646,143,County,Jeff Davis,TX,48243,,US
3647,143,County,Jefferson,TX,48245,,US
3648,143,County,Jim Hogg,TX,48247,,US
3649,143,County,Jim Wells,TX,48249,,US
3650,143,County,Johnson,TX,48251,,US
3651,143,County,Jones,TX,48253,,US
3652,143,County,Karnes,TX,48255,,US
3653,143,County,Kaufman,TX,48257,,US
3654,143,County,Kendall,TX,48259,,US
3655,143,County,Kenedy,TX,48261,,US
3656,143,County,Kent,TX,48263,,US
3657,143,County,Kerr,TX,48265,,US
3658,143,County,Kimble,TX,48267,,US
3659,143,County,King,TX,48269,,US
3660,143,County,Kinney,TX,48271,,US
3661,143,County,Kleberg,TX,48273,,US
3662,143,County,Knox,TX,48275,,US
3663,143,County,Lamar,TX,48277,,US
3664,143,County,Lamb,TX,48279,,US
3665,143,County,Lampasas,TX,48281,,US
3666,143,County,La Salle,TX,48283,,US
3667,143,County,Lavaca,TX,48285,,US
3668,143,County,Lee,TX,48287,,US
3669,143,County,Leon,TX,48289,,US
3670,143,County,Liberty,TX,48291,,US
3671,143,County,Limestone,TX,48293,,US
3672,143,County,Lipscomb,TX,48295,,US
3673,143,County,Live Oak,TX,48297,,US
3674,143,County,Llano,TX,48299,,US
3675,143,County,Loving,TX,48301,,US
3676,143,County,Lubbock,TX,48303,,US
3677,143,County,Lynn,TX,48305,,US
3678,143,County,McCulloch,TX,48307,,US
3679,143,County,McLennan,TX,48309,,US
3680,143,County,McMullen,TX,48311,,US
3681,143,County,Madison,TX,48313,,US
3682,143,County,Marion,TX,48315,,US
3683,143,County,Martin,TX,48317,,US
3684,143,County,Mason,TX,48319,,US
3685,143,County,Matagorda,TX,48321,,US
3686,143,County,Maverick,TX,48323,,US
3687,143,County,Medina,TX,48325,,US
3688,143,County,Menard,TX,48327,,US
3689,143,County,Midland,TX,48329,,US
3690,143,County,Milam,TX,48331,,US
3691,143,County,Mills,TX,48333,,US
3692,143,County,Mitchell,TX,48335,,US
3693,143,County,Montague,TX,48337,,US
3694,143,County,Montgomery,TX,48339,,US
3695,143,County,Moore,TX,48341,,US
3696,143,County,Morris,TX,48343,,US
3697,143,County,Motley,TX,48345,,US
3698,143,County,Nacogdoches,TX,48347,,US
3699,143,County,Navarro,TX,48349,,US
3700,143,County,Newton,TX,48351,,US
3701,143,County,Nolan,TX,48353,,US
3702,143,County,Nueces,TX,48355,,US
3703,143,County,Ochiltree,TX,48357,,US
3704,143,County,Oldham,TX,48359,,US
3705,143,County,Orange,TX,48361,,US
3706,143,County,Palo Pinto,TX,48363,,US
3707,143,County,Panola,TX,48365,,US
3708,143,County,Parker,TX,48367,,US
3709,143,County,Parmer,TX,48369,,US
3710,143,County,Pecos,TX,48371,,US
3711,143,County,Polk,TX,48373,,US
3712,143,County,Potter,TX,48375,,US
3713,143,County,Presidio,TX,48377,,US
3714,143,County,Rains,TX,48379,,US
3715,143,County,Randall,TX,48381,,US
3716,143,County,Reagan,TX,48383,,US
3717,143,County,Real,TX,48385,,US
3718,143,County,Red River,TX,48387,,US
3719,143,County,Reeves,TX,48389,,US
3720,143,County,Refugio,TX,48391,,US
3721,143,County,Roberts,TX,48393,,US
3722,143,County,Robertson,TX,48395,,US
3723,143,County,Rockwall,TX,48397,,US
3724,143,County,Runnels,TX,48399,,US
3725,143,County,Rusk,TX,48401,,US
3726,143,County,Sabine,TX,48403,,US
3727,143,County,San Augustine,TX,48405,,US
3728,143,County,San Jacinto,TX,48407,,US
3729,143,County,San Patricio,TX,48409,,US
3730,143,County,San Saba,TX,48411,,US
3731,143,County,Schleicher,TX,48413,,US
3732,143,County,Scurry,TX,48415,,US
3733,143,County,Shackelford,TX,48417,,US
3734,143,County,Shelby,TX,48419,,US
3735,143,County,Sherman,TX,48421,,US
3736,143,County,Smith,TX,48423,,US
3737,143,County,Somervell,TX,48425,,US
3738,143,County,Starr,TX,48427,,US
3739,143,County,Stephens,TX,48429,,US
3740,143,County,Sterling,TX,48431,,US
3741,143,County,Stonewall,TX,48433,,US
3742,143,County,Sutton,TX,48435,,US
3743,143,County,Swisher,TX,48437,,US
3744,143,County,Tarrant,TX,48439,,US
3745,143,County,Taylor,TX,48441,,US
3746,143,County,Terrell,TX,48443,,US
3747,143,County,Terry,TX,48445,,US
3748,143,County,Throckmorton,TX,48447,,US
3749,143,County,Titus,TX,48449,,US
3750,143,County,Tom Green,TX,48451,,US
3751,143,County,Travis,TX,48453,,US
3752,143,County,Trinity,TX,48455,,US
3753,143,County,Tyler,TX,48457,,US
3754,143,County,Upshur,TX,48459,,US
3755,143,County,Upton,TX,48461,,US
3756,143,County,Uvalde,TX,48463,,US
3757,143,County,Val Verde,TX,48465,,US
3758,143,County,Van Zandt,TX,48467,,US
3759,143,County,Victoria,TX,48469,,US
3760,143,County,Walker,TX,48471,,US
3761,143,County,Waller,TX,48473,,US
3762,143,County,Ward,TX,48475,,US
3763,143,County,Washington,TX,48477,,US
3764,143,County,Webb,TX,48479,,US
3765,143,County,Wharton,TX,48481,,US
3766,143,County,Wheeler,TX,48483,,US
3767,143,County,Wichita,TX,48485,,US
3768,143,County,Wilbarger,TX,48487,,US
3769,143,County,Willacy,TX,48489,,US
3770,143,County,Williamson,TX,48491,,US
3771,143,County,Wilson,TX,48493,,US
3772,143,County,Winkler,TX,48495,,US
3773,143,County,Wise,TX,48497,,US
3774,143,County,Wood,TX,48499,,US
3775,143,County,Yoakum,TX,48501,,US
3776,143,County,Young,TX,48503,,US
3777,143,County,Zapata,TX,48505,,US
3778,143,County,Zavala,TX,48507,,US
3779,144,County,Beaver,UT,49001,,US
3780,144,County,Box Elder,UT,49003,,US
3781,144,County,Cache,UT,49005,,US
3782,144,County,Carbon,UT,49007,,US
3783,144,County,Daggett,UT,49009,,US
3784,144,County,Davis,UT,49011,,US
3785,144,County,Duchesne,UT,49013,,US
3786,144,County,Emery,UT,49015,,US
3787,144,County,Garfield,UT,49017,,US
3788,144,County,Grand,UT,49019,,US
3789,144,County,Iron,UT,49021,,US
3790,144,County,Juab,UT,49023,,US
3791,144,County,Kane,UT,49025,,US
3792,144,County,Millard,UT,49027,,US
3793,144,County,Morgan,UT,49029,,US
3794,144,County,Piute,UT,49031,,US
3795,144,County,Rich,UT,49033,,US
3796,144,County,Salt Lake,UT,49035,,US
3797,144,County,San Juan,UT,49037,,US
3798,144,County,Sanpete,UT,49039,,US
3799,144,County,Sevier,UT,49041,,US
3800,144,County,Summit,UT,49043,,US
3801,144,County,Tooele,UT,49045,,US
3802,144,County,Uintah,UT,49047,,US
3803,144,County,Utah,UT,49049,,US
3804,144,County,Wasatch,UT,49051,,US
3805,144,County,Washington,UT,49053,,US
3806,144,County,Wayne,UT,49055,,US
3807,144,County,Weber,UT,49057,,US
3808,145,County,Addison,VT,50001,,US
3809,145,County,Bennington,VT,50003,,US
3810,145,County,Caledonia,VT,50005,,US
3811,145,County,Chittenden,VT,50007,,US
3812,145,County,Essex,VT,50009,,US
3813,145,County,Franklin,VT,50011,,US
3814,145,County,Grand Isle,VT,50013,,US
3815,145,County,Lamoille,VT,50015,,US
3816,145,County,Orange,VT,50017,,US
3817,145,County,Orleans,VT,50019,,US
3818,145,County,Rutland,VT,50021,,US
3819,145,County,Washington,VT,50023,,US
3820,145,County,Windham,VT,50025,,US
3821,145,County,Windsor,VT,50027,,US
3822,146,County,Accomack,VA,51001,,US
3823,146,County,Albemarle,VA,51003,,US
3824,146,County,Alleghany,VA,51005,,US
3825,146,County,Amelia,VA,51007,,US
3826,146,County,Amherst,VA,51009,,US
3827,146,County,Appomattox,VA,51011,,US
3828,146,County,Arlington,VA,51013,,US
3829,146,County,Augusta,VA,51015,,US
3830,146,County,Bath,VA,51017,,US
3831,146,County,Bedford,VA,51019,,US
3832,146,County,Bland,VA,51021,,US
3833,146,County,Botetourt,VA,51023,,US
3834,146,County,Brunswick,VA,51025,,US
3835,146,County,Buchanan,VA,51027,,US
3836,146,County,Buckingham,VA,51029,,US
3837,146,County,Campbell,VA,51031,,US
3838,146,County,Caroline,VA,51033,,US
3839,146,County,Carroll,VA,51035,,US
3840,146,County,Charles City,VA,51036,,US
3841,146,County,Charlotte,VA,51037,,US
3842,146,County,Chesterfield,VA,51041,,US
3843,146,County,Clarke,VA,51043,,US
3844,146,County,Craig,VA,51045,,US
3845,146,County,Culpeper,VA,51047,,US
3846,146,County,Cumberland,VA,51049,,US
3847,146,County,Dickenson,VA,51051,,US
3848,146,County,Dinwiddie,VA,51053,,US
3849,146,County,Essex,VA,51057,,US
3850,146,County,Fairfax,VA,51059,,US
3851,146,County,Fauquier,VA,51061,,US
3852,146,County,Floyd,VA,51063,,US
3853,146,County,Fluvanna,VA,51065,,US
3854,146,County,Franklin,VA,51067,,US
3855,146,County,Frederick,VA,51069,,US
3856,146,County,Giles,VA,51071,,US
3857,146,County,Gloucester,VA,51073,,US
3858,146,County,Goochland,VA,51075,,US
3859,146,County,Grayson,VA,51077,,US
3860,146,County,Greene,VA,51079,,US
3861,146,County,Greensville,VA,51081,,US
3862,146,County,Halifax,VA,51083,,US
3863,146,County,Hanover,VA,51085,,US
3864,146,County,Henrico,VA,51087,,US
3865,146,County,Henry,VA,51089,,US
3866,146,County,Highland,VA,51091,,US
3867,146,County,Isle of Wight,VA,51093,,US
3868,146,County,James City,VA,51095,,US
3869,146,County,King and Queen,VA,51097,,US
3870,146,County,King George,VA,51099,,US
3871,146,County,King William,VA,51101,,US
3872,146,County,Lancaster,VA,51103,,US
3873,146,County,Lee,VA,51105,,US
3874,146,County,Loudoun,VA,51107,,US
3875,146,County,Louisa,VA,51109,,US
3876,146,County,Lunenburg,VA,51111,,US
3877,146,County,Madison,VA,51113,,US
3878,146,County,Mathews,VA,51115,,US
3879,146,County,Mecklenburg,VA,51117,,US
3880,146,County,Middlesex,VA,51119,,US
3881,146,County,Montgomery,VA,51121,,US
3882,146,County,Nelson,VA,51125,,US
3883,146,County,New Kent,VA,51127,,US
3884,146,County,Northampton,VA,51131,,US
3885,146,County,Northumberland,VA,51133,,US
3886,146,County,Nottoway,VA,51135,,US
3887,146,County,Orange,VA,51137,,US
3888,146,County,Page,VA,51139,,US
3889,146,County,Patrick,VA,51141,,US
3890,146,County,Pittsylvania,VA,51143,,US
3891,146,County,Powhatan,VA,51145,,US
3892,146,County,Prince Edward,VA,51147,,US
3893,146,County,Prince George,VA,51149,,US
3894,146,County,Prince William,VA,51153,,US
3895,146,County,Pulaski,VA,51155,,US
3896,146,County,Rappahannock,VA,51157,,US
3897,146,County,Richmond,VA,51159,,US
3898,146,County,Roanoke,VA,51161,,US
3899,146,County,Rockbridge,VA,51163,,US
3900,146,County,Rockingham,VA,51165,,US
3901,146,County,Russell,VA,51167,,US
3902,146,County,Scott,VA,51169,,US
3903,146,County,Shenandoah,VA,51171,,US
3904,146,County,Smyth,VA,51173,,US
3905,146,County,Southampton,VA,51175,,US
3906,146,County,Spotsylvania,VA,51177,,US
3907,146,County,Stafford,VA,51179,,US
3908,146,County,Surry,VA,51181,,US
3909,146,County,Sussex,VA,51183,,US
3910,146,County,Tazewell,VA,51185,,US
3911,146,County,Warren,VA,51187,,US
3912,146,County,Washington,VA,51191,,US
3913,146,County,Westmoreland,VA,51193,,US
3914,146,County,Wise,VA,51195,,US
3915,146,County,Wythe,VA,51197,,US
3916,146,County,York,VA,51199,,US
3917,146,County,Alexandria,VA,51510,,US
3918,146,County,Bristol,VA,51520,,US
3919,146,County,Buena Vista,VA,51530,,US
3920,146,County,Charlottesville,VA,51540,,US
3921,146,County,Chesapeake,VA,51550,,US
3922,146,County,Colonial Heights,VA,51570,,US
3923,146,County,Covington,VA,51580,,US
3924,146,County,Danville,VA,51590,,US
3925,146,County,Emporia,VA,51595,,US
3926,146,County,Fairfax,VA,51600,,US
3927,146,County,Falls Church,VA,51610,,US
3928,146,County,Franklin,VA,51620,,US
3929,146,County,Fredericksburg,VA,51630,,US
3930,146,County,Galax,VA,51640,,US
3931,146,County,Hampton,VA,51650,,US
3932,146,County,Harrisonburg,VA,51660,,US
3933,146,County,Hopewell,VA,51670,,US
3934,146,County,Lexington,VA,51678,,US
3935,146,County,Lynchburg,VA,51680,,US
3936,146,County,Manassas,VA,51683,,US
3937,146,County,Manassas Park,VA,51685,,US
3938,146,County,Martinsville,VA,51690,,US
3939,146,County,Newport News,VA,51700,,US
3940,146,County,Norfolk,VA,51710,,US
3941,146,County,Norton,VA,51720,,US
3942,146,County,Petersburg,VA,51730,,US
3943,146,County,Poquoson,VA,51735,,US
3944,146,County,Portsmouth,VA,51740,,US
3945,146,County,Radford,VA,51750,,US
3946,146,County,Richmond,VA,51760,,US
3947,146,County,Roanoke,VA,51770,,US
3948,146,County,Salem,VA,51775,,US
3949,146,County,Staunton,VA,51790,,US
3950,146,County,Suffolk,VA,51800,,US
3951,146,County,Virginia Beach,VA,51810,,US
3952,146,County,Waynesboro,VA,51820,,US
3953,146,County,Williamsburg,VA,51830,,US
3954,146,County,Winchester,VA,51840,,US
3955,147,County,Adams,WA,53001,,US
3956,147,County,Asotin,WA,53003,,US
3957,147,County,Benton,WA,53005,,US
3958,147,County,Chelan,WA,53007,,US
3959,147,County,Clallam,WA,53009,,US
3960,147,County,Clark,WA,53011,,US
3961,147,County,Columbia,WA,53013,,US
3962,147,County,Cowlitz,WA,53015,,US
3963,147,County,Douglas,WA,53017,,US
3964,147,County,Ferry,WA,53019,,US
3965,147,County,Franklin,WA,53021,,US
3966,147,County,Garfield,WA,53023,,US
3967,147,County,Grant,WA,53025,,US
3968,147,County,Grays Harbor,WA,53027,,US
3969,147,County,Island,WA,53029,,US
3970,147,County,Jefferson,WA,53031,,US
3971,147,County,King,WA,53033,,US
3972,147,County,Kitsap,WA,53035,,US
3973,147,County,Kittitas,WA,53037,,US
3974,147,County,Klickitat,WA,53039,,US
3975,147,County,Lewis,WA,53041,,US
3976,147,County,Lincoln,WA,53043,,US
3977,147,County,Mason,WA,53045,,US
3978,147,County,Okanogan,WA,53047,,US
3979,147,County,Pacific,WA,53049,,US
3980,147,County,Pend Oreille,WA,53051,,US
3981,147,County,Pierce,WA,53053,,US
3982,147,County,San Juan,WA,53055,,US
3983,147,County,Skagit,WA,53057,,US
3984,147,County,Skamania,WA,53059,,US
3985,147,County,Snohomish,WA,53061,,US
3986,147,County,Spokane,WA,53063,,US
3987,147,County,Stevens,WA,53065,,US
3988,147,County,Thurston,WA,53067,,US
3989,147,County,Wahkiakum,WA,53069,,US
3990,147,County,Walla Walla,WA,53071,,US
3991,147,County,Whatcom,WA,53073,,US
3992,147,County,Whitman,WA,53075,,US
3993,147,County,Yakima,WA,53077,,US
3994,148,County,Barbour,WV,54001,,US
3995,148,County,Berkeley,WV,54003,,US
3996,148,County,Boone,WV,54005,,US
3997,148,County,Braxton,WV,54007,,US
3998,148,County,Brooke,WV,54009,,US
3999,148,County,Cabell,WV,54011,,US
4000,148,County,Calhoun,WV,54013,,US
4001,148,County,Clay,WV,54015,,US
4002,148,County,Doddridge,WV,54017,,US
4003,148,County,Fayette,WV,54019,,US
4004,148,County,Gilmer,WV,54021,,US
4005,148,County,Grant,WV,54023,,US
4006,148,County,Greenbrier,WV,54025,,US
4007,148,County,Hampshire,WV,54027,,US
4008,148,County,Hancock,WV,54029,,US
4009,148,County,Hardy,WV,54031,,US
4010,148,County,Harrison,WV,54033,,US
4011,148,County,Jackson,WV,54035,,US
4012,148,County,Jefferson,WV,54037,,US
4013,148,County,Kanawha,WV,54039,,US
4014,148,County,Lewis,WV,54041,,US
4015,148,County,Lincoln,WV,54043,,US
4016,148,County,Logan,WV,54045,,US
4017,148,County,McDowell,WV,54047,,US
4018,148,County,Marion,WV,54049,,US
4019,148,County,Marshall,WV,54051,,US
4020,148,County,Mason,WV,54053,,US
4021,148,County,Mercer,WV,54055,,US
4022,148,County,Mineral,WV,54057,,US
4023,148,County,Mingo,WV,54059,,US
4024,148,County,Monongalia,WV,54061,,US
4025,148,County,Monroe,WV,54063,,US
4026,148,County,Morgan,WV,54065,,US
4027,148,County,Nicholas,WV,54067,,US
4028,148,County,Ohio,WV,54069,,US
4029,148,County,Pendleton,WV,54071,,US
4030,148,County,Pleasants,WV,54073,,US
4031,148,County,Pocahontas,WV,54075,,US
4032,148,County,Preston,WV,54077,,US
4033,148,County,Putnam,WV,54079,,US
4034,148,County,Raleigh,WV,54081,,US
4035,148,County,Randolph,WV,54083,,US
4036,148,County,Ritchie,WV,54085,,US
4037,148,County,Roane,WV,54087,,US
4038,148,County,Summers,WV,54089,,US
4039,148,County,Taylor,WV,54091,,US
4040,148,County,Tucker,WV,54093,,US
4041,148,County,Tyler,WV,54095,,US
4042,148,County,Upshur,WV,54097,,US
4043,148,County,Wayne,WV,54099,,US
4044,148,County,Webster,WV,54101,,US
4045,148,County,Wetzel,WV,54103,,US
4046,148,County,Wirt,WV,54105,,US
4047,148,County,Wood,WV,54107,,US
4048,148,County,Wyoming,WV,54109,,US
4049,149,County,Adams,WI,55001,,US
4050,149,County,Ashland,WI,55003,,US
4051,149,County,Barron,WI,55005,,US
4052,149,County,Bayfield,WI,55007,,US
4053,149,County,Brown,WI,55009,,US
4054,149,County,Buffalo,WI,55011,,US
4055,149,County,Burnett,WI,55013,,US
4056,149,County,Calumet,WI,55015,,US
4057,149,County,Chippewa,WI,55017,,US
4058,149,County,Clark,WI,55019,,US
4059,149,County,Columbia,WI,55021,,US
4060,149,County,Crawford,WI,55023,,US
4061,149,County,Dane,WI,55025,,US
4062,149,County,Dodge,WI,55027,,US
4063,149,County,Door,WI,55029,,US
4064,149,County,Douglas,WI,55031,,US
4065,149,County,Dunn,WI,55033,,US
4066,149,County,Eau Claire,WI,55035,,US
4067,149,County,Florence,WI,55037,,US
4068,149,County,Fond du Lac,WI,55039,,US
4069,149,County,Forest,WI,55041,,US
4070,149,County,Grant,WI,55043,,US
4071,149,County,Green,WI,55045,,US
4072,149,County,Green Lake,WI,55047,,US
4073,149,County,Iowa,WI,55049,,US
4074,149,County,Iron,WI,55051,,US
4075,149,County,Jackson,WI,55053,,US
4076,149,County,Jefferson,WI,55055,,US
4077,149,County,Juneau,WI,55057,,US
4078,149,County,Kenosha,WI,55059,,US
4079,149,County,Kewaunee,WI,55061,,US
4080,149,County,La Crosse,WI,55063,,US
4081,149,County,Lafayette,WI,55065,,US
4082,149,County,Langlade,WI,55067,,US
4083,149,County,Lincoln,WI,55069,,US
4084,149,County,Manitowoc,WI,55071,,US
4085,149,County,Marathon,WI,55073,,US
4086,149,County,Marinette,WI,55075,,US
4087,149,County,Marquette,WI,55077,,US
4088,149,County,Menominee,WI,55078,,US
4089,149,County,Milwaukee,WI,55079,,US
4090,149,County,Monroe,WI,55081,,US
4091,149,County,Oconto,WI,55083,,US
4092,149,County,Oneida,WI,55085,,US
4093,149,County,Outagamie,WI,55087,,US
4094,149,County,Ozaukee,WI,55089,,US
4095,149,County,Pepin,WI,55091,,US
4096,149,County,Pierce,WI,55093,,US
4097,149,County,Polk,WI,55095,,US
4098,149,County,Portage,WI,55097,,US
4099,149,County,Price,WI,55099,,US
4100,149,County,Racine,WI,55101,,US
4101,149,County,Richland,WI,55103,,US
4102,149,County,Rock,WI,55105,,US
4103,149,County,Rusk,WI,55107,,US
4104,149,County,St. Croix,WI,55109,,US
4105,149,County,Sauk,WI,55111,,US
4106,149,County,Sawyer,WI,55113,,US
4107,149,County,Shawano,WI,55115,,US
4108,149,County,Sheboygan,WI,55117,,US
4109,149,County,Taylor,WI,55119,,US
4110,149,County,Trempealeau,WI,55121,,US
4111,149,County,Vernon,WI,55123,,US
4112,149,County,Vilas,WI,55125,,US
4113,149,County,Walworth,WI,55127,,US
4114,149,County,Washburn,WI,55129,,US
4115,149,County,Washington,WI,55131,,US
4116,149,County,Waukesha,WI,55133,,US
4117,149,County,Waupaca,WI,55135,,US
4118,149,County,Waushara,WI,55137,,US
4119,149,County,Winnebago,WI,55139,,US
4120,149,County,Wood,WI,55141,,US
4121,150,County,Albany,WY,56001,,US
4122,150,County,Big Horn,WY,56003,,US
4123,150,County,Campbell,WY,56005,,US
4124,150,County,Carbon,WY,56007,,US
4125,150,County,Converse,WY,56009,,US
4126,150,County,Crook,WY,56011,,US
4127,150,County,Fremont,WY,56013,,US
4128,150,County,Goshen,WY,56015,,US
4129,150,County,Hot Springs,WY,56017,,US
4130,150,County,Johnson,WY,56019,,US
4131,150,County,Laramie,WY,56021,,US
4132,150,County,Lincoln,WY,56023,,US
4133,150,County,Natrona,WY,56025,,US
4134,150,County,Niobrara,WY,56027,,US
4135,150,County,Park,WY,56029,,US
4136,150,County,Platte,WY,56031,,US
4137,150,County,Sheridan,WY,56033,,US
4138,150,County,Sublette,WY,56035,,US
4139,150,County,Sweetwater,WY,56037,,US
4140,150,County,Teton,WY,56039,,US
4141,150,County,Uinta,WY,56041,,US
4142,150,County,Washakie,WY,56043,,US
4143,150,County,Weston,WY,56045,,US
